ID,Form_ID,Cognateset_ID,Segment_Slice,Alignment,Source
cognate_1,form_1,1,,,
cognate_2,form_2,1,,,
cognate_3,form_3,1,,,
cognate_4,form_4,1,,,
cognate_5,form_5,1,,,
cognate_6,form_6,1,,,
cognate_7,form_7,1,,,
cognate_8,form_8,1,,,
cognate_9,form_9,1,,,
cognate_10,form_10,1,,,
cognate_11,form_11,11,,,
cognate_12,form_12,11,,,
cognate_13,form_13,11,,,
cognate_14,form_14,14,,,
cognate_15,form_15,14,,,
cognate_16,form_16,14,,,
cognate_17,form_17,14,,,
cognate_18,form_18,14,,,
cognate_19,form_19,14,,,
cognate_20,form_20,14,,,
cognate_21,form_21,14,,,
cognate_22,form_22,14,,,
cognate_23,form_23,14,,,
cognate_24,form_24,14,,,
cognate_25,form_25,14,,,
cognate_26,form_26,14,,,
cognate_27,form_27,14,,,
cognate_28,form_28,14,,,
cognate_29,form_29,14,,,
cognate_30,form_30,14,,,
cognate_31,form_31,14,,,
cognate_32,form_32,14,,,
cognate_33,form_33,14,,,
cognate_34,form_34,14,,,
cognate_35,form_35,14,,,
cognate_36,form_36,36,,,
cognate_37,form_37,36,,,
cognate_38,form_38,36,,,
cognate_39,form_39,36,,,
cognate_40,form_40,36,,,
cognate_41,form_41,36,,,
cognate_42,form_42,36,,,
cognate_43,form_43,43,,,
cognate_44,form_44,43,,,
cognate_45,form_45,43,,,
cognate_46,form_46,43,,,
cognate_47,form_47,43,,,
cognate_48,form_48,48,,,
cognate_49,form_49,48,,,
cognate_50,form_50,48,,,
cognate_51,form_51,48,,,
cognate_52,form_52,48,,,
cognate_53,form_53,48,,,
cognate_54,form_54,48,,,
cognate_55,form_55,48,,,
cognate_56,form_56,48,,,
cognate_57,form_57,48,,,
cognate_58,form_58,48,,,
cognate_59,form_59,48,,,
cognate_60,form_60,48,,,
cognate_61,form_61,48,,,
cognate_62,form_62,48,,,
cognate_63,form_63,48,,,
cognate_64,form_64,48,,,
cognate_65,form_65,48,,,
cognate_66,form_66,48,,,
cognate_67,form_67,48,,,
cognate_68,form_68,48,,,
cognate_69,form_69,69,,,
cognate_70,form_70,69,,,
cognate_71,form_71,69,,,
cognate_72,form_72,69,,,
cognate_73,form_73,69,,,
cognate_74,form_74,69,,,
cognate_75,form_75,69,,,
cognate_76,form_76,69,,,
cognate_77,form_78,69,,,
cognate_78,form_79,69,,,
cognate_79,form_80,69,,,
cognate_80,form_81,69,,,
cognate_81,form_82,69,,,
cognate_82,form_83,69,,,
cognate_83,form_84,69,,,
cognate_84,form_85,69,,,
cognate_85,form_86,69,,,
cognate_86,form_87,69,,,
cognate_87,form_88,69,,,
cognate_88,form_89,69,,,
cognate_89,form_90,69,,,
cognate_90,form_91,69,,,
cognate_91,form_92,92,,,
cognate_92,form_93,92,,,
cognate_93,form_94,92,,,
cognate_94,form_95,92,,,
cognate_95,form_96,92,,,
cognate_96,form_97,92,,,
cognate_97,form_98,92,,,
cognate_98,form_99,92,,,
cognate_99,form_100,92,,,
cognate_100,form_101,92,,,
cognate_101,form_102,92,,,
cognate_102,form_103,92,,,
cognate_103,form_104,92,,,
cognate_104,form_105,92,,,
cognate_105,form_106,106,,,
cognate_106,form_107,106,,,
cognate_107,form_108,106,,,
cognate_108,form_109,106,,,
cognate_109,form_110,106,,,
cognate_110,form_111,106,,,
cognate_111,form_112,106,,,
cognate_112,form_113,113,,,
cognate_113,form_114,113,,,
cognate_114,form_116,113,,,
cognate_115,form_117,113,,,
cognate_116,form_118,113,,,
cognate_117,form_119,113,,,
cognate_118,form_120,113,,,
cognate_119,form_122,113,,,
cognate_120,form_123,113,,,
cognate_121,form_124,113,,,
cognate_122,form_125,113,,,
cognate_123,form_127,113,,,
cognate_124,form_128,113,,,
cognate_125,form_129,113,,,
cognate_126,form_130,113,,,
cognate_127,form_131,113,,,
cognate_128,form_132,113,,,
cognate_129,form_133,113,,,
cognate_130,form_134,134,,,
cognate_131,form_135,134,,,
cognate_132,form_136,134,,,
cognate_133,form_137,134,,,
cognate_134,form_138,134,,,
cognate_135,form_139,134,,,
cognate_136,form_140,134,,,
cognate_137,form_141,134,,,
cognate_138,form_142,134,,,
cognate_139,form_143,134,,,
cognate_140,form_144,134,,,
cognate_141,form_145,134,,,
cognate_142,form_146,134,,,
cognate_143,form_147,147,,,
cognate_144,form_148,147,,,
cognate_145,form_149,147,,,
cognate_146,form_150,147,,,
cognate_147,form_151,147,,,
cognate_148,form_152,147,,,
cognate_149,form_153,147,,,
cognate_150,form_154,147,,,
cognate_151,form_155,155,,,
cognate_152,form_156,155,,,
cognate_153,form_157,155,,,
cognate_154,form_158,155,,,
cognate_155,form_159,155,,,
cognate_156,form_160,155,,,
cognate_157,form_161,155,,,
cognate_158,form_162,155,,,
cognate_159,form_163,155,,,
cognate_160,form_164,155,,,
cognate_161,form_165,165,,,
cognate_162,form_166,165,,,
cognate_163,form_167,165,,,
cognate_164,form_168,165,,,
cognate_165,form_169,165,,,
cognate_166,form_170,165,,,
cognate_167,form_171,171,,,
cognate_168,form_172,171,,,
cognate_169,form_173,171,,,
cognate_170,form_174,171,,,
cognate_171,form_175,171,,,
cognate_172,form_176,171,,,
cognate_173,form_177,171,,,
cognate_174,form_178,171,,,
cognate_175,form_179,171,,,
cognate_176,form_180,171,,,
cognate_177,form_181,171,,,
cognate_178,form_182,171,,,
cognate_179,form_183,171,,,
cognate_180,form_184,171,,,
cognate_181,form_185,171,,,
cognate_182,form_186,171,,,
cognate_183,form_187,171,,,
cognate_184,form_188,171,,,
cognate_185,form_189,171,,,
cognate_186,form_190,171,,,
cognate_187,form_191,171,,,
cognate_188,form_192,171,,,
cognate_189,form_193,171,,,
cognate_190,form_194,171,,,
cognate_191,form_195,171,,,
cognate_192,form_196,171,,,
cognate_193,form_197,171,,,
cognate_194,form_198,171,,,
cognate_195,form_199,171,,,
cognate_196,form_200,171,,,
cognate_197,form_201,171,,,
cognate_198,form_202,171,,,
cognate_199,form_203,171,,,
cognate_200,form_204,171,,,
cognate_201,form_205,205,,,
cognate_202,form_206,205,,,
cognate_203,form_207,205,,,
cognate_204,form_208,205,,,
cognate_205,form_209,205,,,
cognate_206,form_210,205,,,
cognate_207,form_211,205,,,
cognate_208,form_212,205,,,
cognate_209,form_213,205,,,
cognate_210,form_214,205,,,
cognate_211,form_215,205,,,
cognate_212,form_216,205,,,
cognate_213,form_217,205,,,
cognate_214,form_218,205,,,
cognate_215,form_219,205,,,
cognate_216,form_220,205,,,
cognate_217,form_221,205,,,
cognate_218,form_222,205,,,
cognate_219,form_223,223,,,
cognate_220,form_224,223,,,
cognate_221,form_225,223,,,
cognate_222,form_226,223,,,
cognate_223,form_227,223,,,
cognate_224,form_228,223,,,
cognate_225,form_229,229,,,
cognate_226,form_230,229,,,
cognate_227,form_231,229,,,
cognate_228,form_232,229,,,
cognate_229,form_233,229,,,
cognate_230,form_234,229,,,
cognate_231,form_235,229,,,
cognate_232,form_236,229,,,
cognate_233,form_237,229,,,
cognate_234,form_238,229,,,
cognate_235,form_239,229,,,
cognate_236,form_240,229,,,
cognate_237,form_241,229,,,
cognate_238,form_242,229,,,
cognate_239,form_243,229,,,
cognate_240,form_244,229,,,
cognate_241,form_245,229,,,
cognate_242,form_246,229,,,
cognate_243,form_247,247,,,
cognate_244,form_248,247,,,
cognate_245,form_249,247,,,
cognate_246,form_250,247,,,
cognate_247,form_251,247,,,
cognate_248,form_252,247,,,
cognate_249,form_253,247,,,
cognate_250,form_254,247,,,
cognate_251,form_255,247,,,
cognate_252,form_256,247,,,
cognate_253,form_257,247,,,
cognate_254,form_258,247,,,
cognate_255,form_259,247,,,
cognate_256,form_260,247,,,
cognate_257,form_261,247,,,
cognate_258,form_262,247,,,
cognate_259,form_263,263,,,
cognate_260,form_264,263,,,
cognate_261,form_265,263,,,
cognate_262,form_266,263,,,
cognate_263,form_267,263,,,
cognate_264,form_268,263,,,
cognate_265,form_269,263,,,
cognate_266,form_270,263,,,
cognate_267,form_271,263,,,
cognate_268,form_272,263,,,
cognate_269,form_273,263,,,
cognate_270,form_274,263,,,
cognate_271,form_275,263,,,
cognate_272,form_276,263,,,
cognate_273,form_277,263,,,
cognate_274,form_278,263,,,
cognate_275,form_279,263,,,
cognate_276,form_280,263,,,
cognate_277,form_281,281,,,
cognate_278,form_282,281,,,
cognate_279,form_283,281,,,
cognate_280,form_284,281,,,
cognate_281,form_285,281,,,
cognate_282,form_286,281,,,
cognate_283,form_287,281,,,
cognate_284,form_288,281,,,
cognate_285,form_289,281,,,
cognate_286,form_290,281,,,
cognate_287,form_291,281,,,
cognate_288,form_292,281,,,
cognate_289,form_293,281,,,
cognate_290,form_294,281,,,
cognate_291,form_295,281,,,
cognate_292,form_296,296,,,
cognate_293,form_297,296,,,
cognate_294,form_298,296,,,
cognate_295,form_299,296,,,
cognate_296,form_300,300,,,
cognate_297,form_301,300,,,
cognate_298,form_302,300,,,
cognate_299,form_303,300,,,
cognate_300,form_304,300,,,
cognate_301,form_305,300,,,
cognate_302,form_306,300,,,
cognate_303,form_307,300,,,
cognate_304,form_308,300,,,
cognate_305,form_309,300,,,
cognate_306,form_310,310,,,
cognate_307,form_311,310,,,
cognate_308,form_312,310,,,
cognate_309,form_313,310,,,
cognate_310,form_314,310,,,
cognate_311,form_315,310,,,
cognate_312,form_316,316,,,
cognate_313,form_317,316,,,
cognate_314,form_318,316,,,
cognate_315,form_319,316,,,
cognate_316,form_320,316,,,
cognate_317,form_321,321,,,
cognate_318,form_322,321,,,
cognate_319,form_323,321,,,
cognate_320,form_324,321,,,
cognate_321,form_325,321,,,
cognate_322,form_326,321,,,
cognate_323,form_327,321,,,
cognate_324,form_328,321,,,
cognate_325,form_329,321,,,
cognate_326,form_330,321,,,
cognate_327,form_331,321,,,
cognate_328,form_332,332,,,
cognate_329,form_333,332,,,
cognate_330,form_334,332,,,
cognate_331,form_335,332,,,
cognate_332,form_336,332,,,
cognate_333,form_337,332,,,
cognate_334,form_338,332,,,
cognate_335,form_339,332,,,
cognate_336,form_340,332,,,
cognate_337,form_341,332,,,
cognate_338,form_342,332,,,
cognate_339,form_343,332,,,
cognate_340,form_344,332,,,
cognate_341,form_345,332,,,
cognate_342,form_346,332,,,
cognate_343,form_347,332,,,
cognate_344,form_348,332,,,
cognate_345,form_349,332,,,
cognate_346,form_350,332,,,
cognate_347,form_351,332,,,
cognate_348,form_352,332,,,
cognate_349,form_353,353,,,
cognate_350,form_354,353,,,
cognate_351,form_355,353,,,
cognate_352,form_356,353,,,
cognate_353,form_357,353,,,
cognate_354,form_358,353,,,
cognate_355,form_359,353,,,
cognate_356,form_360,353,,,
cognate_357,form_361,353,,,
cognate_358,form_362,353,,,
cognate_359,form_363,353,,,
cognate_360,form_364,353,,,
cognate_361,form_365,353,,,
cognate_362,form_366,353,,,
cognate_363,form_367,353,,,
cognate_364,form_368,353,,,
cognate_365,form_369,353,,,
cognate_366,form_370,353,,,
cognate_367,form_371,353,,,
cognate_368,form_372,353,,,
cognate_369,form_373,373,,,
cognate_370,form_374,373,,,
cognate_371,form_375,373,,,
cognate_372,form_376,373,,,
cognate_373,form_377,373,,,
cognate_374,form_378,373,,,
cognate_375,form_379,373,,,
cognate_376,form_380,373,,,
cognate_377,form_381,381,,,
cognate_378,form_382,381,,,
cognate_379,form_383,381,,,
cognate_380,form_384,381,,,
cognate_381,form_385,381,,,
cognate_382,form_386,381,,,
cognate_383,form_387,381,,,
cognate_384,form_388,381,,,
cognate_385,form_389,381,,,
cognate_386,form_390,390,,,
cognate_387,form_391,390,,,
cognate_388,form_392,390,,,
cognate_389,form_393,390,,,
cognate_390,form_394,390,,,
cognate_391,form_395,390,,,
cognate_392,form_396,390,,,
cognate_393,form_397,390,,,
cognate_394,form_398,390,,,
cognate_395,form_399,390,,,
cognate_396,form_400,400,,,
cognate_397,form_401,400,,,
cognate_398,form_402,400,,,
cognate_399,form_403,400,,,
cognate_400,form_404,404,,,
cognate_401,form_405,404,,,
cognate_402,form_406,404,,,
cognate_403,form_407,404,,,
cognate_404,form_408,404,,,
cognate_405,form_409,404,,,
cognate_406,form_410,404,,,
cognate_407,form_411,404,,,
cognate_408,form_412,404,,,
cognate_409,form_413,404,,,
cognate_410,form_414,414,,,
cognate_411,form_415,414,,,
cognate_412,form_416,414,,,
cognate_413,form_417,414,,,
cognate_414,form_418,414,,,
cognate_415,form_419,414,,,
cognate_416,form_420,414,,,
cognate_417,form_421,414,,,
cognate_418,form_422,414,,,
cognate_419,form_423,414,,,
cognate_420,form_424,414,,,
cognate_421,form_425,414,,,
cognate_422,form_426,414,,,
cognate_423,form_427,414,,,
cognate_424,form_428,414,,,
cognate_425,form_429,414,,,
cognate_426,form_430,414,,,
cognate_427,form_431,414,,,
cognate_428,form_432,414,,,
cognate_429,form_433,414,,,
cognate_430,form_434,414,,,
cognate_431,form_435,414,,,
cognate_432,form_436,414,,,
cognate_433,form_437,414,,,
cognate_434,form_438,414,,,
cognate_435,form_439,414,,,
cognate_436,form_440,414,,,
cognate_437,form_441,414,,,
cognate_438,form_442,414,,,
cognate_439,form_444,414,,,
cognate_440,form_445,414,,,
cognate_441,form_446,446,,,
cognate_442,form_447,446,,,
cognate_443,form_448,446,,,
cognate_444,form_449,446,,,
cognate_445,form_450,446,,,
cognate_446,form_451,446,,,
cognate_447,form_452,446,,,
cognate_448,form_453,446,,,
cognate_449,form_454,446,,,
cognate_450,form_455,446,,,
cognate_451,form_456,446,,,
cognate_452,form_457,446,,,
cognate_453,form_458,458,,,
cognate_454,form_459,458,,,
cognate_455,form_460,458,,,
cognate_456,form_461,458,,,
cognate_457,form_462,458,,,
cognate_458,form_463,458,,,
cognate_459,form_464,458,,,
cognate_460,form_465,465,,,
cognate_461,form_466,465,,,
cognate_462,form_467,465,,,
cognate_463,form_468,465,,,
cognate_464,form_469,465,,,
cognate_465,form_470,465,,,
cognate_466,form_471,465,,,
cognate_467,form_472,465,,,
cognate_468,form_473,465,,,
cognate_469,form_474,465,,,
cognate_470,form_475,475,,,
cognate_471,form_476,475,,,
cognate_472,form_477,475,,,
cognate_473,form_478,475,,,
cognate_474,form_479,475,,,
cognate_475,form_480,475,,,
cognate_476,form_481,475,,,
cognate_477,form_482,475,,,
cognate_478,form_483,475,,,
cognate_479,form_484,475,,,
cognate_480,form_485,475,,,
cognate_481,form_486,475,,,
cognate_482,form_487,475,,,
cognate_483,form_488,475,,,
cognate_484,form_489,475,,,
cognate_485,form_490,475,,,
cognate_486,form_491,475,,,
cognate_487,form_492,475,,,
cognate_488,form_493,475,,,
cognate_489,form_494,475,,,
cognate_490,form_495,475,,,
cognate_491,form_496,475,,,
cognate_492,form_497,475,,,
cognate_493,form_498,475,,,
cognate_494,form_499,475,,,
cognate_495,form_500,500,,,
cognate_496,form_501,500,,,
cognate_497,form_502,500,,,
cognate_498,form_503,500,,,
cognate_499,form_504,500,,,
cognate_500,form_505,500,,,
cognate_501,form_506,500,,,
cognate_502,form_507,500,,,
cognate_503,form_508,500,,,
cognate_504,form_509,500,,,
cognate_505,form_510,500,,,
cognate_506,form_511,500,,,
cognate_507,form_512,500,,,
cognate_508,form_513,500,,,
cognate_509,form_514,500,,,
cognate_510,form_515,500,,,
cognate_511,form_516,516,,,
cognate_512,form_517,517,,,
cognate_513,form_519,517,,,
cognate_514,form_520,517,,,
cognate_515,form_521,517,,,
cognate_516,form_522,517,,,
cognate_517,form_523,517,,,
cognate_518,form_524,517,,,
cognate_519,form_525,517,,,
cognate_520,form_526,517,,,
cognate_521,form_527,517,,,
cognate_522,form_528,517,,,
cognate_523,form_529,517,,,
cognate_524,form_530,517,,,
cognate_525,form_531,517,,,
cognate_526,form_532,517,,,
cognate_527,form_533,517,,,
cognate_528,form_534,517,,,
cognate_529,form_535,517,,,
cognate_530,form_536,517,,,
cognate_531,form_537,517,,,
cognate_532,form_538,517,,,
cognate_533,form_539,517,,,
cognate_534,form_540,517,,,
cognate_535,form_541,517,,,
cognate_536,form_542,542,,,
cognate_537,form_543,542,,,
cognate_538,form_544,542,,,
cognate_539,form_545,542,,,
cognate_540,form_546,542,,,
cognate_541,form_547,542,,,
cognate_542,form_548,542,,,
cognate_543,form_549,542,,,
cognate_544,form_550,542,,,
cognate_545,form_551,542,,,
cognate_546,form_552,542,,,
cognate_547,form_553,542,,,
cognate_548,form_554,542,,,
cognate_549,form_555,542,,,
cognate_550,form_556,542,,,
cognate_551,form_557,557,,,
cognate_552,form_558,557,,,
cognate_553,form_559,557,,,
cognate_554,form_560,557,,,
cognate_555,form_561,557,,,
cognate_556,form_562,557,,,
cognate_557,form_563,557,,,
cognate_558,form_564,557,,,
cognate_559,form_565,557,,,
cognate_560,form_566,557,,,
cognate_561,form_567,557,,,
cognate_562,form_568,557,,,
cognate_563,form_569,557,,,
cognate_564,form_570,557,,,
cognate_565,form_571,557,,,
cognate_566,form_572,557,,,
cognate_567,form_573,557,,,
cognate_568,form_574,557,,,
cognate_569,form_575,557,,,
cognate_570,form_576,557,,,
cognate_571,form_577,557,,,
cognate_572,form_578,557,,,
cognate_573,form_579,557,,,
cognate_574,form_580,557,,,
cognate_575,form_581,557,,,
cognate_576,form_582,582,,,
cognate_577,form_583,582,,,
cognate_578,form_584,582,,,
cognate_579,form_585,582,,,
cognate_580,form_586,582,,,
cognate_581,form_587,587,,,
cognate_582,form_588,587,,,
cognate_583,form_590,587,,,
cognate_584,form_591,587,,,
cognate_585,form_592,587,,,
cognate_586,form_593,587,,,
cognate_587,form_594,594,,,
cognate_588,form_595,594,,,
cognate_589,form_596,594,,,
cognate_590,form_597,594,,,
cognate_591,form_598,594,,,
cognate_592,form_599,594,,,
cognate_593,form_600,594,,,
cognate_594,form_601,594,,,
cognate_595,form_602,594,,,
cognate_596,form_603,594,,,
cognate_597,form_604,594,,,
cognate_598,form_605,594,,,
cognate_599,form_606,594,,,
cognate_600,form_607,594,,,
cognate_601,form_608,608,,,
cognate_602,form_609,609,,,
cognate_603,form_610,609,,,
cognate_604,form_611,609,,,
cognate_605,form_612,609,,,
cognate_606,form_613,609,,,
cognate_607,form_614,609,,,
cognate_608,form_615,609,,,
cognate_609,form_616,609,,,
cognate_610,form_617,609,,,
cognate_611,form_618,609,,,
cognate_612,form_619,609,,,
cognate_613,form_620,609,,,
cognate_614,form_621,609,,,
cognate_615,form_622,609,,,
cognate_616,form_623,609,,,
cognate_617,form_624,609,,,
cognate_618,form_625,609,,,
cognate_619,form_626,626,,,
cognate_620,form_627,626,,,
cognate_621,form_628,626,,,
cognate_622,form_629,626,,,
cognate_623,form_630,626,,,
cognate_624,form_631,626,,,
cognate_625,form_632,626,,,
cognate_626,form_633,626,,,
cognate_627,form_634,626,,,
cognate_628,form_635,626,,,
cognate_629,form_636,626,,,
cognate_630,form_637,626,,,
cognate_631,form_638,626,,,
cognate_632,form_639,626,,,
cognate_633,form_640,626,,,
cognate_634,form_641,626,,,
cognate_635,form_642,642,,,
cognate_636,form_643,642,,,
cognate_637,form_644,642,,,
cognate_638,form_645,642,,,
cognate_639,form_646,642,,,
cognate_640,form_647,642,,,
cognate_641,form_648,642,,,
cognate_642,form_649,642,,,
cognate_643,form_650,642,,,
cognate_644,form_651,642,,,
cognate_645,form_652,642,,,
cognate_646,form_653,642,,,
cognate_647,form_654,642,,,
cognate_648,form_655,642,,,
cognate_649,form_656,642,,,
cognate_650,form_657,642,,,
cognate_651,form_658,642,,,
cognate_652,form_659,659,,,
cognate_653,form_660,659,,,
cognate_654,form_661,659,,,
cognate_655,form_662,659,,,
cognate_656,form_663,659,,,
cognate_657,form_664,659,,,
cognate_658,form_665,659,,,
cognate_659,form_666,659,,,
cognate_660,form_667,659,,,
cognate_661,form_668,659,,,
cognate_662,form_669,659,,,
cognate_663,form_670,659,,,
cognate_664,form_671,659,,,
cognate_665,form_672,659,,,
cognate_666,form_673,659,,,
cognate_667,form_674,659,,,
cognate_668,form_675,659,,,
cognate_669,form_676,659,,,
cognate_670,form_677,659,,,
cognate_671,form_678,659,,,
cognate_672,form_679,659,,,
cognate_673,form_680,659,,,
cognate_674,form_681,659,,,
cognate_675,form_682,659,,,
cognate_676,form_683,659,,,
cognate_677,form_684,659,,,
cognate_678,form_685,659,,,
cognate_679,form_686,659,,,
cognate_680,form_687,659,,,
cognate_681,form_688,659,,,
cognate_682,form_689,659,,,
cognate_683,form_690,659,,,
cognate_684,form_691,659,,,
cognate_685,form_692,692,,,
cognate_686,form_693,692,,,
cognate_687,form_694,692,,,
cognate_688,form_695,692,,,
cognate_689,form_696,692,,,
cognate_690,form_697,692,,,
cognate_691,form_698,692,,,
cognate_692,form_699,692,,,
cognate_693,form_700,692,,,
cognate_694,form_701,692,,,
cognate_695,form_702,692,,,
cognate_696,form_703,703,,,
cognate_697,form_704,703,,,
cognate_698,form_705,703,,,
cognate_699,form_706,703,,,
cognate_700,form_707,703,,,
cognate_701,form_708,708,,,
cognate_702,form_709,708,,,
cognate_703,form_710,708,,,
cognate_704,form_711,708,,,
cognate_705,form_712,708,,,
cognate_706,form_713,708,,,
cognate_707,form_714,708,,,
cognate_708,form_715,708,,,
cognate_709,form_716,708,,,
cognate_710,form_717,708,,,
cognate_711,form_718,708,,,
cognate_712,form_719,708,,,
cognate_713,form_720,708,,,
cognate_714,form_721,708,,,
cognate_715,form_722,708,,,
cognate_716,form_723,708,,,
cognate_717,form_724,708,,,
cognate_718,form_725,708,,,
cognate_719,form_726,708,,,
cognate_720,form_727,708,,,
cognate_721,form_728,708,,,
cognate_722,form_729,729,,,
cognate_723,form_730,729,,,
cognate_724,form_731,729,,,
cognate_725,form_732,729,,,
cognate_726,form_733,729,,,
cognate_727,form_734,729,,,
cognate_728,form_735,729,,,
cognate_729,form_736,729,,,
cognate_730,form_737,729,,,
cognate_731,form_738,729,,,
cognate_732,form_739,729,,,
cognate_733,form_740,729,,,
cognate_734,form_741,729,,,
cognate_735,form_742,729,,,
cognate_736,form_743,729,,,
cognate_737,form_744,744,,,
cognate_738,form_745,744,,,
cognate_739,form_746,744,,,
cognate_740,form_747,744,,,
cognate_741,form_748,744,,,
cognate_742,form_749,744,,,
cognate_743,form_750,744,,,
cognate_744,form_751,744,,,
cognate_745,form_752,752,,,
cognate_746,form_753,752,,,
cognate_747,form_754,752,,,
cognate_748,form_755,752,,,
cognate_749,form_756,752,,,
cognate_750,form_757,752,,,
cognate_751,form_758,752,,,
cognate_752,form_759,752,,,
cognate_753,form_760,752,,,
cognate_754,form_761,752,,,
cognate_755,form_762,752,,,
cognate_756,form_763,752,,,
cognate_757,form_764,752,,,
cognate_758,form_765,752,,,
cognate_759,form_766,752,,,
cognate_760,form_767,752,,,
cognate_761,form_768,752,,,
cognate_762,form_769,752,,,
cognate_763,form_770,752,,,
cognate_764,form_771,752,,,
cognate_765,form_772,752,,,
cognate_766,form_773,752,,,
cognate_767,form_774,752,,,
cognate_768,form_775,752,,,
cognate_769,form_776,752,,,
cognate_770,form_777,752,,,
cognate_771,form_778,752,,,
cognate_772,form_779,752,,,
cognate_773,form_780,752,,,
cognate_774,form_781,752,,,
cognate_775,form_782,752,,,
cognate_776,form_783,752,,,
cognate_777,form_784,752,,,
cognate_778,form_785,752,,,
cognate_779,form_786,752,,,
cognate_780,form_787,752,,,
cognate_781,form_788,752,,,
cognate_782,form_789,752,,,
cognate_783,form_790,752,,,
cognate_784,form_791,752,,,
cognate_785,form_792,752,,,
cognate_786,form_793,752,,,
cognate_787,form_794,752,,,
cognate_788,form_795,752,,,
cognate_789,form_796,796,,,
cognate_790,form_797,796,,,
cognate_791,form_798,796,,,
cognate_792,form_799,796,,,
cognate_793,form_800,796,,,
cognate_794,form_801,796,,,
cognate_795,form_802,796,,,
cognate_796,form_803,796,,,
cognate_797,form_804,796,,,
cognate_798,form_805,796,,,
cognate_799,form_806,796,,,
cognate_800,form_807,796,,,
cognate_801,form_808,796,,,
cognate_802,form_809,796,,,
cognate_803,form_810,796,,,
cognate_804,form_811,796,,,
cognate_805,form_812,796,,,
cognate_806,form_813,796,,,
cognate_807,form_814,814,,,
cognate_808,form_815,815,,,
cognate_809,form_816,815,,,
cognate_810,form_817,815,,,
cognate_811,form_818,815,,,
cognate_812,form_819,815,,,
cognate_813,form_820,815,,,
cognate_814,form_821,815,,,
cognate_815,form_822,815,,,
cognate_816,form_823,815,,,
cognate_817,form_824,815,,,
cognate_818,form_825,815,,,
cognate_819,form_826,815,,,
cognate_820,form_827,815,,,
cognate_821,form_828,815,,,
cognate_822,form_829,829,,,
cognate_823,form_830,829,,,
cognate_824,form_831,829,,,
cognate_825,form_832,829,,,
cognate_826,form_833,829,,,
cognate_827,form_834,829,,,
cognate_828,form_835,829,,,
cognate_829,form_836,829,,,
cognate_830,form_837,829,,,
cognate_831,form_838,829,,,
cognate_832,form_839,829,,,
cognate_833,form_840,829,,,
cognate_834,form_841,829,,,
cognate_835,form_842,842,,,
cognate_836,form_843,842,,,
cognate_837,form_844,842,,,
cognate_838,form_845,842,,,
cognate_839,form_846,842,,,
cognate_840,form_847,842,,,
cognate_841,form_848,842,,,
cognate_842,form_849,842,,,
cognate_843,form_850,842,,,
cognate_844,form_851,842,,,
cognate_845,form_852,842,,,
cognate_846,form_853,842,,,
cognate_847,form_854,842,,,
cognate_848,form_855,842,,,
cognate_849,form_856,842,,,
cognate_850,form_857,842,,,
cognate_851,form_858,842,,,
cognate_852,form_859,842,,,
cognate_853,form_860,842,,,
cognate_854,form_861,842,,,
cognate_855,form_862,842,,,
cognate_856,form_863,842,,,
cognate_857,form_864,842,,,
cognate_858,form_865,842,,,
cognate_859,form_866,842,,,
cognate_860,form_867,842,,,
cognate_861,form_868,842,,,
cognate_862,form_869,842,,,
cognate_863,form_870,842,,,
cognate_864,form_871,871,,,
cognate_865,form_872,871,,,
cognate_866,form_873,871,,,
cognate_867,form_874,871,,,
cognate_868,form_875,871,,,
cognate_869,form_876,871,,,
cognate_870,form_877,877,,,
cognate_871,form_878,877,,,
cognate_872,form_879,877,,,
cognate_873,form_880,877,,,
cognate_874,form_881,877,,,
cognate_875,form_882,877,,,
cognate_876,form_883,877,,,
cognate_877,form_884,877,,,
cognate_878,form_885,885,,,
cognate_879,form_886,885,,,
cognate_880,form_887,885,,,
cognate_881,form_888,885,,,
cognate_882,form_889,885,,,
cognate_883,form_890,885,,,
cognate_884,form_891,885,,,
cognate_885,form_892,892,,,
cognate_886,form_893,892,,,
cognate_887,form_894,892,,,
cognate_888,form_895,892,,,
cognate_889,form_896,892,,,
cognate_890,form_897,892,,,
cognate_891,form_898,892,,,
cognate_892,form_899,892,,,
cognate_893,form_900,892,,,
cognate_894,form_901,892,,,
cognate_895,form_902,892,,,
cognate_896,form_903,892,,,
cognate_897,form_904,892,,,
cognate_898,form_905,905,,,
cognate_899,form_906,905,,,
cognate_900,form_907,905,,,
cognate_901,form_908,905,,,
cognate_902,form_909,905,,,
cognate_903,form_910,905,,,
cognate_904,form_911,905,,,
cognate_905,form_912,905,,,
cognate_906,form_913,905,,,
cognate_907,form_914,905,,,
cognate_908,form_915,905,,,
cognate_909,form_916,905,,,
cognate_910,form_917,905,,,
cognate_911,form_918,905,,,
cognate_912,form_919,905,,,
cognate_913,form_920,905,,,
cognate_914,form_921,905,,,
cognate_915,form_922,905,,,
cognate_916,form_923,905,,,
cognate_917,form_924,905,,,
cognate_918,form_925,925,,,
cognate_919,form_926,925,,,
cognate_920,form_927,925,,,
cognate_921,form_928,925,,,
cognate_922,form_929,925,,,
cognate_923,form_930,925,,,
cognate_924,form_931,925,,,
cognate_925,form_932,925,,,
cognate_926,form_933,925,,,
cognate_927,form_934,925,,,
cognate_928,form_935,925,,,
cognate_929,form_936,925,,,
cognate_930,form_937,925,,,
cognate_931,form_938,925,,,
cognate_932,form_939,925,,,
cognate_933,form_940,940,,,
cognate_934,form_941,940,,,
cognate_935,form_942,940,,,
cognate_936,form_943,940,,,
cognate_937,form_944,940,,,
cognate_938,form_945,940,,,
cognate_939,form_946,940,,,
cognate_940,form_947,940,,,
cognate_941,form_948,940,,,
cognate_942,form_949,940,,,
cognate_943,form_950,950,,,
cognate_944,form_951,950,,,
cognate_945,form_952,950,,,
cognate_946,form_953,950,,,
cognate_947,form_954,950,,,
cognate_948,form_955,950,,,
cognate_949,form_956,950,,,
cognate_950,form_957,950,,,
cognate_951,form_958,950,,,
cognate_952,form_959,950,,,
cognate_953,form_960,950,,,
cognate_954,form_961,950,,,
cognate_955,form_962,950,,,
cognate_956,form_963,950,,,
cognate_957,form_964,964,,,
cognate_958,form_965,964,,,
cognate_959,form_966,964,,,
cognate_960,form_967,964,,,
cognate_961,form_968,964,,,
cognate_962,form_969,964,,,
cognate_963,form_970,964,,,
cognate_964,form_971,964,,,
cognate_965,form_972,964,,,
cognate_966,form_973,964,,,
cognate_967,form_974,974,,,
cognate_968,form_975,974,,,
cognate_969,form_976,974,,,
cognate_970,form_977,974,,,
cognate_971,form_978,974,,,
cognate_972,form_979,974,,,
cognate_973,form_980,974,,,
cognate_974,form_981,974,,,
cognate_975,form_982,974,,,
cognate_976,form_983,974,,,
cognate_977,form_984,974,,,
cognate_978,form_985,985,,,
cognate_979,form_986,985,,,
cognate_980,form_987,985,,,
cognate_981,form_988,985,,,
cognate_982,form_989,989,,,
cognate_983,form_990,989,,,
cognate_984,form_991,989,,,
cognate_985,form_992,989,,,
cognate_986,form_993,989,,,
cognate_987,form_994,989,,,
cognate_988,form_995,989,,,
cognate_989,form_996,989,,,
cognate_990,form_997,989,,,
cognate_991,form_998,989,,,
cognate_992,form_999,989,,,
cognate_993,form_1000,989,,,
cognate_994,form_1001,989,,,
cognate_995,form_1002,989,,,
cognate_996,form_1003,989,,,
cognate_997,form_1004,989,,,
cognate_998,form_1005,989,,,
cognate_999,form_1006,989,,,
cognate_1000,form_1007,989,,,
cognate_1001,form_1008,989,,,
cognate_1002,form_1009,989,,,
cognate_1003,form_1010,989,,,
cognate_1004,form_1011,989,,,
cognate_1005,form_1012,989,,,
cognate_1006,form_1013,989,,,
cognate_1007,form_1014,989,,,
cognate_1008,form_1015,989,,,
cognate_1009,form_1016,989,,,
cognate_1010,form_1017,1017,,,
cognate_1011,form_1018,1017,,,
cognate_1012,form_1019,1017,,,
cognate_1013,form_1020,1017,,,
cognate_1014,form_1021,1017,,,
cognate_1015,form_1022,1017,,,
cognate_1016,form_1023,1017,,,
cognate_1017,form_1024,1017,,,
cognate_1018,form_1025,1017,,,
cognate_1019,form_1026,1026,,,
cognate_1020,form_1027,1026,,,
cognate_1021,form_1028,1026,,,
cognate_1022,form_1029,1026,,,
cognate_1023,form_1030,1026,,,
cognate_1024,form_1031,1026,,,
cognate_1025,form_1032,1032,,,
cognate_1026,form_1033,1032,,,
cognate_1027,form_1034,1032,,,
cognate_1028,form_1035,1032,,,
cognate_1029,form_1036,1032,,,
cognate_1030,form_1037,1032,,,
cognate_1031,form_1038,1032,,,
cognate_1032,form_1039,1032,,,
cognate_1033,form_1040,1032,,,
cognate_1034,form_1041,1041,,,
cognate_1035,form_1042,1041,,,
cognate_1036,form_1043,1041,,,
cognate_1037,form_1044,1041,,,
cognate_1038,form_1045,1041,,,
cognate_1039,form_1046,1041,,,
cognate_1040,form_1047,1041,,,
cognate_1041,form_1048,1041,,,
cognate_1042,form_1049,1041,,,
cognate_1043,form_1050,1041,,,
cognate_1044,form_1051,1041,,,
cognate_1045,form_1052,1052,,,
cognate_1046,form_1053,1052,,,
cognate_1047,form_1054,1052,,,
cognate_1048,form_1055,1052,,,
cognate_1049,form_1056,1052,,,
cognate_1050,form_1057,1052,,,
cognate_1051,form_1058,1052,,,
cognate_1052,form_1059,1052,,,
cognate_1053,form_1060,1052,,,
cognate_1054,form_1061,1052,,,
cognate_1055,form_1062,1052,,,
cognate_1056,form_1063,1052,,,
cognate_1057,form_1064,1052,,,
cognate_1058,form_1065,1052,,,
cognate_1059,form_1066,1052,,,
cognate_1060,form_1067,1052,,,
cognate_1061,form_1068,1052,,,
cognate_1062,form_1069,1052,,,
cognate_1063,form_1070,1052,,,
cognate_1064,form_1071,1052,,,
cognate_1065,form_1072,1052,,,
cognate_1066,form_1073,1052,,,
cognate_1067,form_1074,1052,,,
cognate_1068,form_1075,1052,,,
cognate_1069,form_1076,1076,,,
cognate_1070,form_1077,1076,,,
cognate_1071,form_1078,1076,,,
cognate_1072,form_1079,1076,,,
cognate_1073,form_1080,1076,,,
cognate_1074,form_1081,1076,,,
cognate_1075,form_1082,1076,,,
cognate_1076,form_1083,1076,,,
cognate_1077,form_1084,1076,,,
cognate_1078,form_1085,1076,,,
cognate_1079,form_1086,1076,,,
cognate_1080,form_1087,1076,,,
cognate_1081,form_1088,1088,,,
cognate_1082,form_1089,1088,,,
cognate_1083,form_1090,1088,,,
cognate_1084,form_1091,1088,,,
cognate_1085,form_1092,1088,,,
cognate_1086,form_1093,1088,,,
cognate_1087,form_1094,1088,,,
cognate_1088,form_1095,1088,,,
cognate_1089,form_1096,1088,,,
cognate_1090,form_1097,1088,,,
cognate_1091,form_1098,1098,,,
cognate_1092,form_1099,1098,,,
cognate_1093,form_1100,1098,,,
cognate_1094,form_1101,1098,,,
cognate_1095,form_1102,1098,,,
cognate_1096,form_1103,1098,,,
cognate_1097,form_1104,1098,,,
cognate_1098,form_1105,1098,,,
cognate_1099,form_1106,1098,,,
cognate_1100,form_1107,1098,,,
cognate_1101,form_1108,1098,,,
cognate_1102,form_1109,1098,,,
cognate_1103,form_1110,1098,,,
cognate_1104,form_1111,1098,,,
cognate_1105,form_1112,1098,,,
cognate_1106,form_1113,1098,,,
cognate_1107,form_1114,1098,,,
cognate_1108,form_1115,1098,,,
cognate_1109,form_1116,1098,,,
cognate_1110,form_1117,1117,,,
cognate_1111,form_1118,1117,,,
cognate_1112,form_1119,1117,,,
cognate_1113,form_1120,1117,,,
cognate_1114,form_1121,1117,,,
cognate_1115,form_1122,1117,,,
cognate_1116,form_1123,1117,,,
cognate_1117,form_1124,1117,,,
cognate_1118,form_1125,1117,,,
cognate_1119,form_1126,1117,,,
cognate_1120,form_1127,1117,,,
cognate_1121,form_1128,1117,,,
cognate_1122,form_1129,1117,,,
cognate_1123,form_1130,1117,,,
cognate_1124,form_1131,1117,,,
cognate_1125,form_1132,1117,,,
cognate_1126,form_1133,1117,,,
cognate_1127,form_1134,1117,,,
cognate_1128,form_1135,1117,,,
cognate_1129,form_1136,1117,,,
cognate_1130,form_1137,1117,,,
cognate_1131,form_1138,1117,,,
cognate_1132,form_1139,1117,,,
cognate_1133,form_1140,1117,,,
cognate_1134,form_1141,1117,,,
cognate_1135,form_1142,1117,,,
cognate_1136,form_1143,1117,,,
cognate_1137,form_1144,1144,,,
cognate_1138,form_1145,1144,,,
cognate_1139,form_1146,1144,,,
cognate_1140,form_1147,1144,,,
cognate_1141,form_1148,1144,,,
cognate_1142,form_1149,1144,,,
cognate_1143,form_1150,1150,,,
cognate_1144,form_1151,1151,,,
cognate_1145,form_1152,1151,,,
cognate_1146,form_1153,1151,,,
cognate_1147,form_1154,1151,,,
cognate_1148,form_1155,1151,,,
cognate_1149,form_1156,1151,,,
cognate_1150,form_1157,1151,,,
cognate_1151,form_1158,1151,,,
cognate_1152,form_1159,1151,,,
cognate_1153,form_1160,1151,,,
cognate_1154,form_1161,1151,,,
cognate_1155,form_1162,1151,,,
cognate_1156,form_1163,1151,,,
cognate_1157,form_1164,1151,,,
cognate_1158,form_1165,1151,,,
cognate_1159,form_1166,1151,,,
cognate_1160,form_1167,1151,,,
cognate_1161,form_1168,1151,,,
cognate_1162,form_1169,1151,,,
cognate_1163,form_1170,1170,,,
cognate_1164,form_1171,1170,,,
cognate_1165,form_1172,1170,,,
cognate_1166,form_1173,1170,,,
cognate_1167,form_1174,1170,,,
cognate_1168,form_1175,1170,,,
cognate_1169,form_1176,1170,,,
cognate_1170,form_1177,1177,,,
cognate_1171,form_1178,1177,,,
cognate_1172,form_1179,1177,,,
cognate_1173,form_1180,1177,,,
cognate_1174,form_1181,1177,,,
cognate_1175,form_1182,1177,,,
cognate_1176,form_1183,1177,,,
cognate_1177,form_1184,1177,,,
cognate_1178,form_1185,1177,,,
cognate_1179,form_1186,1177,,,
cognate_1180,form_1187,1177,,,
cognate_1181,form_1188,1177,,,
cognate_1182,form_1189,1177,,,
cognate_1183,form_1190,1177,,,
cognate_1184,form_1191,1177,,,
cognate_1185,form_1192,1177,,,
cognate_1186,form_1193,1177,,,
cognate_1187,form_1194,1177,,,
cognate_1188,form_1195,1177,,,
cognate_1189,form_1196,1177,,,
cognate_1190,form_1197,1177,,,
cognate_1191,form_1198,1177,,,
cognate_1192,form_1199,1199,,,
cognate_1193,form_1200,1199,,,
cognate_1194,form_1201,1199,,,
cognate_1195,form_1202,1199,,,
cognate_1196,form_1203,1199,,,
cognate_1197,form_1204,1199,,,
cognate_1198,form_1205,1199,,,
cognate_1199,form_1206,1199,,,
cognate_1200,form_1207,1199,,,
cognate_1201,form_1208,1199,,,
cognate_1202,form_1209,1199,,,
cognate_1203,form_1210,1199,,,
cognate_1204,form_1211,1199,,,
cognate_1205,form_1212,1212,,,
cognate_1206,form_1213,1212,,,
cognate_1207,form_1214,1212,,,
cognate_1208,form_1215,1212,,,
cognate_1209,form_1216,1212,,,
cognate_1210,form_1217,1212,,,
cognate_1211,form_1218,1212,,,
cognate_1212,form_1219,1212,,,
cognate_1213,form_1220,1212,,,
cognate_1214,form_1221,1212,,,
cognate_1215,form_1222,1212,,,
cognate_1216,form_1223,1212,,,
cognate_1217,form_1224,1212,,,
cognate_1218,form_1225,1225,,,
cognate_1219,form_1226,1225,,,
cognate_1220,form_1227,1225,,,
cognate_1221,form_1228,1225,,,
cognate_1222,form_1229,1225,,,
cognate_1223,form_1230,1225,,,
cognate_1224,form_1231,1225,,,
cognate_1225,form_1232,1232,,,
cognate_1226,form_1233,1232,,,
cognate_1227,form_1234,1232,,,
cognate_1228,form_1235,1232,,,
cognate_1229,form_1236,1232,,,
cognate_1230,form_1237,1232,,,
cognate_1231,form_1238,1232,,,
cognate_1232,form_1239,1232,,,
cognate_1233,form_1240,1232,,,
cognate_1234,form_1241,1232,,,
cognate_1235,form_1242,1232,,,
cognate_1236,form_1243,1232,,,
cognate_1237,form_1244,1232,,,
cognate_1238,form_1245,1245,,,
cognate_1239,form_1246,1245,,,
cognate_1240,form_1247,1245,,,
cognate_1241,form_1248,1245,,,
cognate_1242,form_1249,1245,,,
cognate_1243,form_1250,1245,,,
cognate_1244,form_1251,1245,,,
cognate_1245,form_1252,1245,,,
cognate_1246,form_1253,1245,,,
cognate_1247,form_1254,1245,,,
cognate_1248,form_1255,1245,,,
cognate_1249,form_1256,1245,,,
cognate_1250,form_1257,1245,,,
cognate_1251,form_1258,1245,,,
cognate_1252,form_1259,1245,,,
cognate_1253,form_1260,1245,,,
cognate_1254,form_1261,1245,,,
cognate_1255,form_1262,1245,,,
cognate_1256,form_1263,1245,,,
cognate_1257,form_1264,1245,,,
cognate_1258,form_1265,1245,,,
cognate_1259,form_1266,1245,,,
cognate_1260,form_1267,1245,,,
cognate_1261,form_1268,1245,,,
cognate_1262,form_1269,1245,,,
cognate_1263,form_1270,1245,,,
cognate_1264,form_1271,1245,,,
cognate_1265,form_1272,1245,,,
cognate_1266,form_1273,1245,,,
cognate_1267,form_1274,1245,,,
cognate_1268,form_1275,1245,,,
cognate_1269,form_1276,1245,,,
cognate_1270,form_1277,1245,,,
cognate_1271,form_1278,1278,,,
cognate_1272,form_1279,1278,,,
cognate_1273,form_1280,1278,,,
cognate_1274,form_1281,1278,,,
cognate_1275,form_1282,1278,,,
cognate_1276,form_1283,1278,,,
cognate_1277,form_1284,1278,,,
cognate_1278,form_1285,1278,,,
cognate_1279,form_1286,1278,,,
cognate_1280,form_1287,1278,,,
cognate_1281,form_1288,1278,,,
cognate_1282,form_1289,1278,,,
cognate_1283,form_1290,1278,,,
cognate_1284,form_1291,1278,,,
cognate_1285,form_1292,1278,,,
cognate_1286,form_1293,1278,,,
cognate_1287,form_1294,1278,,,
cognate_1288,form_1295,1278,,,
cognate_1289,form_1296,1278,,,
cognate_1290,form_1297,1278,,,
cognate_1291,form_1298,1278,,,
cognate_1292,form_1299,1278,,,
cognate_1293,form_1300,1278,,,
cognate_1294,form_1301,1278,,,
cognate_1295,form_1302,1278,,,
cognate_1296,form_1303,1278,,,
cognate_1297,form_1304,1278,,,
cognate_1298,form_1305,1278,,,
cognate_1299,form_1306,1278,,,
cognate_1300,form_1307,1278,,,
cognate_1301,form_1308,1278,,,
cognate_1302,form_1309,1278,,,
cognate_1303,form_1310,1278,,,
cognate_1304,form_1311,1278,,,
cognate_1305,form_1312,1278,,,
cognate_1306,form_1313,1278,,,
cognate_1307,form_1314,1278,,,
cognate_1308,form_1315,1315,,,
cognate_1309,form_1316,1315,,,
cognate_1310,form_1317,1315,,,
cognate_1311,form_1318,1315,,,
cognate_1312,form_1319,1315,,,
cognate_1313,form_1320,1315,,,
cognate_1314,form_1321,1315,,,
cognate_1315,form_1322,1315,,,
cognate_1316,form_1323,1315,,,
cognate_1317,form_1324,1315,,,
cognate_1318,form_1325,1315,,,
cognate_1319,form_1326,1315,,,
cognate_1320,form_1327,1315,,,
cognate_1321,form_1328,1315,,,
cognate_1322,form_1329,1315,,,
cognate_1323,form_1330,1315,,,
cognate_1324,form_1331,1315,,,
cognate_1325,form_1332,1315,,,
cognate_1326,form_1333,1315,,,
cognate_1327,form_1334,1315,,,
cognate_1328,form_1335,1315,,,
cognate_1329,form_1336,1315,,,
cognate_1330,form_1337,1315,,,
cognate_1331,form_1338,1315,,,
cognate_1332,form_1339,1339,,,
cognate_1333,form_1340,1339,,,
cognate_1334,form_1341,1339,,,
cognate_1335,form_1342,1339,,,
cognate_1336,form_1343,1339,,,
cognate_1337,form_1344,1339,,,
cognate_1338,form_1345,1339,,,
cognate_1339,form_1346,1339,,,
cognate_1340,form_1347,1339,,,
cognate_1341,form_1348,1339,,,
cognate_1342,form_1349,1339,,,
cognate_1343,form_1350,1339,,,
cognate_1344,form_1351,1339,,,
cognate_1345,form_1352,1339,,,
cognate_1346,form_1353,1339,,,
cognate_1347,form_1354,1339,,,
cognate_1348,form_1355,1339,,,
cognate_1349,form_1356,1339,,,
cognate_1350,form_1357,1339,,,
cognate_1351,form_1358,1339,,,
cognate_1352,form_1359,1339,,,
cognate_1353,form_1360,1360,,,
cognate_1354,form_1361,1360,,,
cognate_1355,form_1362,1360,,,
cognate_1356,form_1363,1360,,,
cognate_1357,form_1364,1360,,,
cognate_1358,form_1365,1360,,,
cognate_1359,form_1366,1360,,,
cognate_1360,form_1367,1360,,,
cognate_1361,form_1368,1360,,,
cognate_1362,form_1369,1360,,,
cognate_1363,form_1370,1360,,,
cognate_1364,form_1371,1360,,,
cognate_1365,form_1372,1360,,,
cognate_1366,form_1373,1373,,,
cognate_1367,form_1374,1373,,,
cognate_1368,form_1375,1373,,,
cognate_1369,form_1376,1373,,,
cognate_1370,form_1377,1373,,,
cognate_1371,form_1378,1373,,,
cognate_1372,form_1379,1373,,,
cognate_1373,form_1380,1380,,,
cognate_1374,form_1381,1380,,,
cognate_1375,form_1382,1380,,,
cognate_1376,form_1383,1380,,,
cognate_1377,form_1384,1380,,,
cognate_1378,form_1385,1380,,,
cognate_1379,form_1386,1380,,,
cognate_1380,form_1387,1380,,,
cognate_1381,form_1388,1380,,,
cognate_1382,form_1389,1380,,,
cognate_1383,form_1390,1380,,,
cognate_1384,form_1391,1380,,,
cognate_1385,form_1392,1380,,,
cognate_1386,form_1393,1380,,,
cognate_1387,form_1394,1380,,,
cognate_1388,form_1395,1380,,,
cognate_1389,form_1396,1380,,,
cognate_1390,form_1397,1380,,,
cognate_1391,form_1398,1380,,,
cognate_1392,form_1399,1380,,,
cognate_1393,form_1400,1380,,,
cognate_1394,form_1401,1380,,,
cognate_1395,form_1402,1380,,,
cognate_1396,form_1403,1380,,,
cognate_1397,form_1404,1380,,,
cognate_1398,form_1405,1380,,,
cognate_1399,form_1406,1380,,,
cognate_1400,form_1407,1380,,,
cognate_1401,form_1408,1408,,,
cognate_1402,form_1409,1408,,,
cognate_1403,form_1410,1408,,,
cognate_1404,form_1411,1408,,,
cognate_1405,form_1412,1408,,,
cognate_1406,form_1413,1408,,,
cognate_1407,form_1414,1408,,,
cognate_1408,form_1415,1408,,,
cognate_1409,form_1416,1408,,,
cognate_1410,form_1417,1417,,,
cognate_1411,form_1418,1417,,,
cognate_1412,form_1419,1417,,,
cognate_1413,form_1420,1417,,,
cognate_1414,form_1421,1417,,,
cognate_1415,form_1422,1417,,,
cognate_1416,form_1423,1417,,,
cognate_1417,form_1424,1417,,,
cognate_1418,form_1425,1417,,,
cognate_1419,form_1426,1417,,,
cognate_1420,form_1427,1417,,,
cognate_1421,form_1428,1417,,,
cognate_1422,form_1429,1417,,,
cognate_1423,form_1430,1417,,,
cognate_1424,form_1431,1417,,,
cognate_1425,form_1432,1417,,,
cognate_1426,form_1433,1433,,,
cognate_1427,form_1434,1433,,,
cognate_1428,form_1435,1433,,,
cognate_1429,form_1436,1433,,,
cognate_1430,form_1437,1433,,,
cognate_1431,form_1438,1433,,,
cognate_1432,form_1439,1433,,,
cognate_1433,form_1440,1440,,,
cognate_1434,form_1441,1440,,,
cognate_1435,form_1442,1440,,,
cognate_1436,form_1443,1440,,,
cognate_1437,form_1444,1440,,,
cognate_1438,form_1445,1440,,,
cognate_1439,form_1446,1440,,,
cognate_1440,form_1447,1440,,,
cognate_1441,form_1448,1440,,,
cognate_1442,form_1449,1440,,,
cognate_1443,form_1450,1440,,,
cognate_1444,form_1451,1451,,,
cognate_1445,form_1452,1451,,,
cognate_1446,form_1453,1451,,,
cognate_1447,form_1454,1451,,,
cognate_1448,form_1455,1451,,,
cognate_1449,form_1456,1451,,,
cognate_1450,form_1457,1451,,,
cognate_1451,form_1458,1451,,,
cognate_1452,form_1459,1451,,,
cognate_1453,form_1460,1451,,,
cognate_1454,form_1461,1451,,,
cognate_1455,form_1462,1451,,,
cognate_1456,form_1463,1451,,,
cognate_1457,form_1464,1451,,,
cognate_1458,form_1465,1465,,,
cognate_1459,form_1466,1465,,,
cognate_1460,form_1467,1465,,,
cognate_1461,form_1468,1465,,,
cognate_1462,form_1469,1465,,,
cognate_1463,form_1470,1465,,,
cognate_1464,form_1471,1465,,,
cognate_1465,form_1472,1465,,,
cognate_1466,form_1473,1465,,,
cognate_1467,form_1474,1465,,,
cognate_1468,form_1475,1465,,,
cognate_1469,form_1476,1465,,,
cognate_1470,form_1477,1465,,,
cognate_1471,form_1478,1465,,,
cognate_1472,form_1479,1465,,,
cognate_1473,form_1480,1465,,,
cognate_1474,form_1481,1465,,,
cognate_1475,form_1482,1465,,,
cognate_1476,form_1483,1483,,,
cognate_1477,form_1484,1483,,,
cognate_1478,form_1485,1483,,,
cognate_1479,form_1486,1483,,,
cognate_1480,form_1487,1483,,,
cognate_1481,form_1488,1483,,,
cognate_1482,form_1489,1483,,,
cognate_1483,form_1490,1490,,,
cognate_1484,form_1491,1490,,,
cognate_1485,form_1492,1490,,,
cognate_1486,form_1493,1490,,,
cognate_1487,form_1494,1490,,,
cognate_1488,form_1495,1490,,,
cognate_1489,form_1496,1490,,,
cognate_1490,form_1497,1490,,,
cognate_1491,form_1498,1490,,,
cognate_1492,form_1499,1490,,,
cognate_1493,form_1500,1490,,,
cognate_1494,form_1501,1490,,,
cognate_1495,form_1502,1490,,,
cognate_1496,form_1503,1490,,,
cognate_1497,form_1504,1490,,,
cognate_1498,form_1505,1490,,,
cognate_1499,form_1506,1490,,,
cognate_1500,form_1507,1507,,,
cognate_1501,form_1508,1507,,,
cognate_1502,form_1509,1507,,,
cognate_1503,form_1510,1507,,,
cognate_1504,form_1511,1507,,,
cognate_1505,form_1512,1507,,,
cognate_1506,form_1513,1507,,,
cognate_1507,form_1514,1514,,,
cognate_1508,form_1515,1514,,,
cognate_1509,form_1516,1514,,,
cognate_1510,form_1517,1514,,,
cognate_1511,form_1518,1514,,,
cognate_1512,form_1519,1514,,,
cognate_1513,form_1520,1514,,,
cognate_1514,form_1521,1514,,,
cognate_1515,form_1522,1514,,,
cognate_1516,form_1523,1514,,,
cognate_1517,form_1524,1514,,,
cognate_1518,form_1525,1514,,,
cognate_1519,form_1526,1514,,,
cognate_1520,form_1527,1514,,,
cognate_1521,form_1528,1514,,,
cognate_1522,form_1529,1514,,,
cognate_1523,form_1530,1514,,,
cognate_1524,form_1531,1514,,,
cognate_1525,form_1532,1514,,,
cognate_1526,form_1533,1514,,,
cognate_1527,form_1534,1514,,,
cognate_1528,form_1535,1514,,,
cognate_1529,form_1536,1514,,,
cognate_1530,form_1537,1537,,,
cognate_1531,form_1538,1537,,,
cognate_1532,form_1539,1537,,,
cognate_1533,form_1540,1537,,,
cognate_1534,form_1541,1537,,,
cognate_1535,form_1542,1537,,,
cognate_1536,form_1543,1537,,,
cognate_1537,form_1544,1537,,,
cognate_1538,form_1545,1537,,,
cognate_1539,form_1546,1537,,,
cognate_1540,form_1547,1537,,,
cognate_1541,form_1548,1537,,,
cognate_1542,form_1549,1537,,,
cognate_1543,form_1550,1537,,,
cognate_1544,form_1551,1537,,,
cognate_1545,form_1552,1537,,,
cognate_1546,form_1553,1537,,,
cognate_1547,form_1554,1537,,,
cognate_1548,form_1555,1537,,,
cognate_1549,form_1556,1537,,,
cognate_1550,form_1557,1537,,,
cognate_1551,form_1558,1537,,,
cognate_1552,form_1559,1537,,,
cognate_1553,form_1560,1537,,,
cognate_1554,form_1561,1537,,,
cognate_1555,form_1562,1537,,,
cognate_1556,form_1563,1563,,,
cognate_1557,form_1564,1563,,,
cognate_1558,form_1565,1563,,,
cognate_1559,form_1566,1563,,,
cognate_1560,form_1567,1563,,,
cognate_1561,form_1568,1563,,,
cognate_1562,form_1569,1563,,,
cognate_1563,form_1570,1563,,,
cognate_1564,form_1571,1563,,,
cognate_1565,form_1572,1563,,,
cognate_1566,form_1573,1563,,,
cognate_1567,form_1574,1563,,,
cognate_1568,form_1575,1563,,,
cognate_1569,form_1576,1563,,,
cognate_1570,form_1577,1577,,,
cognate_1571,form_1578,1577,,,
cognate_1572,form_1579,1577,,,
cognate_1573,form_1580,1577,,,
cognate_1574,form_1581,1577,,,
cognate_1575,form_1582,1577,,,
cognate_1576,form_1583,1577,,,
cognate_1577,form_1584,1584,,,
cognate_1578,form_1585,1585,,,
cognate_1579,form_1586,1585,,,
cognate_1580,form_1587,1585,,,
cognate_1581,form_1588,1585,,,
cognate_1582,form_1589,1585,,,
cognate_1583,form_1590,1585,,,
cognate_1584,form_1591,1585,,,
cognate_1585,form_1592,1585,,,
cognate_1586,form_1593,1585,,,
cognate_1587,form_1594,1585,,,
cognate_1588,form_1595,1595,,,
cognate_1589,form_1596,1595,,,
cognate_1590,form_1597,1595,,,
cognate_1591,form_1598,1595,,,
cognate_1592,form_1599,1595,,,
cognate_1593,form_1600,1595,,,
cognate_1594,form_1601,1595,,,
cognate_1595,form_1602,1595,,,
cognate_1596,form_1603,1595,,,
cognate_1597,form_1604,1595,,,
cognate_1598,form_1605,1595,,,
cognate_1599,form_1606,1595,,,
cognate_1600,form_1607,1595,,,
cognate_1601,form_1608,1595,,,
cognate_1602,form_1609,1595,,,
cognate_1603,form_1610,1595,,,
cognate_1604,form_1611,1595,,,
cognate_1605,form_1612,1595,,,
cognate_1606,form_1613,1595,,,
cognate_1607,form_1614,1595,,,
cognate_1608,form_1615,1595,,,
cognate_1609,form_1616,1595,,,
cognate_1610,form_1617,1595,,,
cognate_1611,form_1618,1595,,,
cognate_1612,form_1619,1595,,,
cognate_1613,form_1620,1595,,,
cognate_1614,form_1621,1595,,,
cognate_1615,form_1622,1595,,,
cognate_1616,form_1623,1595,,,
cognate_1617,form_1624,1595,,,
cognate_1618,form_1625,1595,,,
cognate_1619,form_1626,1595,,,
cognate_1620,form_1627,1627,,,
cognate_1621,form_1628,1627,,,
cognate_1622,form_1629,1627,,,
cognate_1623,form_1630,1627,,,
cognate_1624,form_1631,1627,,,
cognate_1625,form_1632,1627,,,
cognate_1626,form_1633,1627,,,
cognate_1627,form_1634,1627,,,
cognate_1628,form_1635,1627,,,
cognate_1629,form_1636,1627,,,
cognate_1630,form_1637,1627,,,
cognate_1631,form_1638,1627,,,
cognate_1632,form_1639,1627,,,
cognate_1633,form_1640,1627,,,
cognate_1634,form_1641,1627,,,
cognate_1635,form_1642,1642,,,
cognate_1636,form_1643,1642,,,
cognate_1637,form_1644,1642,,,
cognate_1638,form_1645,1642,,,
cognate_1639,form_1646,1642,,,
cognate_1640,form_1647,1642,,,
cognate_1641,form_1648,1642,,,
cognate_1642,form_1649,1642,,,
cognate_1643,form_1650,1642,,,
cognate_1644,form_1651,1642,,,
cognate_1645,form_1652,1642,,,
cognate_1646,form_1653,1642,,,
cognate_1647,form_1654,1642,,,
cognate_1648,form_1655,1642,,,
cognate_1649,form_1656,1642,,,
cognate_1650,form_1657,1657,,,
cognate_1651,form_1658,1657,,,
cognate_1652,form_1659,1657,,,
cognate_1653,form_1660,1657,,,
cognate_1654,form_1661,1657,,,
cognate_1655,form_1662,1657,,,
cognate_1656,form_1663,1657,,,
cognate_1657,form_1664,1657,,,
cognate_1658,form_1665,1657,,,
cognate_1659,form_1666,1666,,,
cognate_1660,form_1667,1666,,,
cognate_1661,form_1668,1666,,,
cognate_1662,form_1669,1666,,,
cognate_1663,form_1670,1666,,,
cognate_1664,form_1671,1666,,,
cognate_1665,form_1672,1666,,,
cognate_1666,form_1673,1666,,,
cognate_1667,form_1674,1666,,,
cognate_1668,form_1675,1666,,,
cognate_1669,form_1676,1666,,,
cognate_1670,form_1677,1666,,,
cognate_1671,form_1678,1666,,,
cognate_1672,form_1679,1666,,,
cognate_1673,form_1680,1666,,,
cognate_1674,form_1681,1681,,,
cognate_1675,form_1682,1681,,,
cognate_1676,form_1683,1681,,,
cognate_1677,form_1684,1681,,,
cognate_1678,form_1685,1681,,,
cognate_1679,form_1686,1681,,,
cognate_1680,form_1687,1681,,,
cognate_1681,form_1688,1681,,,
cognate_1682,form_1689,1681,,,
cognate_1683,form_1690,1681,,,
cognate_1684,form_1691,1681,,,
cognate_1685,form_1692,1681,,,
cognate_1686,form_1693,1681,,,
cognate_1687,form_1694,1681,,,
cognate_1688,form_1695,1695,,,
cognate_1689,form_1696,1695,,,
cognate_1690,form_1697,1695,,,
cognate_1691,form_1698,1695,,,
cognate_1692,form_1699,1695,,,
cognate_1693,form_1700,1695,,,
cognate_1694,form_1701,1695,,,
cognate_1695,form_1702,1695,,,
cognate_1696,form_1703,1695,,,
cognate_1697,form_1704,1704,,,
cognate_1698,form_1705,1704,,,
cognate_1699,form_1706,1704,,,
cognate_1700,form_1707,1704,,,
cognate_1701,form_1708,1704,,,
cognate_1702,form_1709,1704,,,
cognate_1703,form_1710,1704,,,
cognate_1704,form_1711,1711,,,
cognate_1705,form_1712,1711,,,
cognate_1706,form_1713,1711,,,
cognate_1707,form_1714,1711,,,
cognate_1708,form_1715,1711,,,
cognate_1709,form_1716,1711,,,
cognate_1710,form_1717,1711,,,
cognate_1711,form_1718,1711,,,
cognate_1712,form_1719,1711,,,
cognate_1713,form_1720,1711,,,
cognate_1714,form_1721,1711,,,
cognate_1715,form_1722,1711,,,
cognate_1716,form_1723,1711,,,
cognate_1717,form_1724,1711,,,
cognate_1718,form_1725,1711,,,
cognate_1719,form_1726,1711,,,
cognate_1720,form_1727,1711,,,
cognate_1721,form_1728,1711,,,
cognate_1722,form_1729,1711,,,
cognate_1723,form_1730,1711,,,
cognate_1724,form_1731,1711,,,
cognate_1725,form_1732,1711,,,
cognate_1726,form_1733,1711,,,
cognate_1727,form_1734,1711,,,
cognate_1728,form_1735,1711,,,
cognate_1729,form_1736,1711,,,
cognate_1730,form_1737,1737,,,
cognate_1731,form_1738,1737,,,
cognate_1732,form_1739,1737,,,
cognate_1733,form_1740,1737,,,
cognate_1734,form_1741,1737,,,
cognate_1735,form_1742,1737,,,
cognate_1736,form_1743,1737,,,
cognate_1737,form_1744,1744,,,
cognate_1738,form_1745,1744,,,
cognate_1739,form_1746,1744,,,
cognate_1740,form_1747,1744,,,
cognate_1741,form_1748,1744,,,
cognate_1742,form_1749,1744,,,
cognate_1743,form_1750,1744,,,
cognate_1744,form_1751,1744,,,
cognate_1745,form_1752,1744,,,
cognate_1746,form_1753,1744,,,
cognate_1747,form_1754,1744,,,
cognate_1748,form_1755,1755,,,
cognate_1749,form_1756,1755,,,
cognate_1750,form_1757,1755,,,
cognate_1751,form_1758,1755,,,
cognate_1752,form_1759,1755,,,
cognate_1753,form_1760,1755,,,
cognate_1754,form_1761,1755,,,
cognate_1755,form_1762,1755,,,
cognate_1756,form_1763,1755,,,
cognate_1757,form_1764,1755,,,
cognate_1758,form_1765,1755,,,
cognate_1759,form_1766,1755,,,
cognate_1760,form_1767,1755,,,
cognate_1761,form_1768,1755,,,
cognate_1762,form_1769,1769,,,
cognate_1763,form_1770,1770,,,
cognate_1764,form_1771,1770,,,
cognate_1765,form_1772,1770,,,
cognate_1766,form_1773,1770,,,
cognate_1767,form_1774,1770,,,
cognate_1768,form_1775,1770,,,
cognate_1769,form_1776,1770,,,
cognate_1770,form_1777,1770,,,
cognate_1771,form_1778,1770,,,
cognate_1772,form_1779,1770,,,
cognate_1773,form_1780,1770,,,
cognate_1774,form_1781,1770,,,
cognate_1775,form_1782,1770,,,
cognate_1776,form_1783,1770,,,
cognate_1777,form_1784,1770,,,
cognate_1778,form_1785,1770,,,
cognate_1779,form_1786,1770,,,
cognate_1780,form_1787,1770,,,
cognate_1781,form_1788,1770,,,
cognate_1782,form_1789,1770,,,
cognate_1783,form_1790,1770,,,
cognate_1784,form_1791,1770,,,
cognate_1785,form_1792,1770,,,
cognate_1786,form_1793,1770,,,
cognate_1787,form_1794,1770,,,
cognate_1788,form_1795,1770,,,
cognate_1789,form_1796,1770,,,
cognate_1790,form_1797,1770,,,
cognate_1791,form_1798,1798,,,
cognate_1792,form_1799,1798,,,
cognate_1793,form_1800,1798,,,
cognate_1794,form_1801,1798,,,
cognate_1795,form_1802,1798,,,
cognate_1796,form_1803,1798,,,
cognate_1797,form_1804,1798,,,
cognate_1798,form_1805,1805,,,
cognate_1799,form_1806,1805,,,
cognate_1800,form_1807,1805,,,
cognate_1801,form_1808,1805,,,
cognate_1802,form_1809,1805,,,
cognate_1803,form_1810,1805,,,
cognate_1804,form_1811,1805,,,
cognate_1805,form_1812,1805,,,
cognate_1806,form_1813,1805,,,
cognate_1807,form_1814,1805,,,
cognate_1808,form_1815,1805,,,
cognate_1809,form_1816,1805,,,
cognate_1810,form_1817,1805,,,
cognate_1811,form_1818,1818,,,
cognate_1812,form_1819,1818,,,
cognate_1813,form_1820,1818,,,
cognate_1814,form_1821,1818,,,
cognate_1815,form_1822,1818,,,
cognate_1816,form_1823,1818,,,
cognate_1817,form_1824,1818,,,
cognate_1818,form_1825,1818,,,
cognate_1819,form_1826,1818,,,
cognate_1820,form_1827,1818,,,
cognate_1821,form_1828,1818,,,
cognate_1822,form_1829,1818,,,
cognate_1823,form_1830,1818,,,
cognate_1824,form_1831,1818,,,
cognate_1825,form_1832,1818,,,
cognate_1826,form_1833,1818,,,
cognate_1827,form_1834,1834,,,
cognate_1828,form_1835,1834,,,
cognate_1829,form_1836,1834,,,
cognate_1830,form_1837,1834,,,
cognate_1831,form_1838,1834,,,
cognate_1832,form_1839,1834,,,
cognate_1833,form_1840,1834,,,
cognate_1834,form_1841,1834,,,
cognate_1835,form_1842,1834,,,
cognate_1836,form_1843,1834,,,
cognate_1837,form_1844,1834,,,
cognate_1838,form_1845,1834,,,
cognate_1839,form_1846,1846,,,
cognate_1840,form_1847,1846,,,
cognate_1841,form_1848,1846,,,
cognate_1842,form_1849,1846,,,
cognate_1843,form_1850,1846,,,
cognate_1844,form_1851,1846,,,
cognate_1845,form_1852,1846,,,
cognate_1846,form_1853,1846,,,
cognate_1847,form_1854,1846,,,
cognate_1848,form_1855,1846,,,
cognate_1849,form_1856,1846,,,
cognate_1850,form_1857,1846,,,
cognate_1851,form_1858,1846,,,
cognate_1852,form_1859,1846,,,
cognate_1853,form_1860,1846,,,
cognate_1854,form_1861,1861,,,
cognate_1855,form_1862,1861,,,
cognate_1856,form_1863,1861,,,
cognate_1857,form_1864,1861,,,
cognate_1858,form_1865,1861,,,
cognate_1859,form_1866,1861,,,
cognate_1860,form_1867,1861,,,
cognate_1861,form_1868,1861,,,
cognate_1862,form_1869,1861,,,
cognate_1863,form_1870,1861,,,
cognate_1864,form_1871,1871,,,
cognate_1865,form_1872,1871,,,
cognate_1866,form_1873,1871,,,
cognate_1867,form_1874,1871,,,
cognate_1868,form_1875,1871,,,
cognate_1869,form_1876,1871,,,
cognate_1870,form_1877,1871,,,
cognate_1871,form_1878,1871,,,
cognate_1872,form_1879,1871,,,
cognate_1873,form_1880,1871,,,
cognate_1874,form_1881,1881,,,
cognate_1875,form_1882,1881,,,
cognate_1876,form_1883,1881,,,
cognate_1877,form_1884,1881,,,
cognate_1878,form_1885,1881,,,
cognate_1879,form_1886,1881,,,
cognate_1880,form_1887,1887,,,
cognate_1881,form_1888,1887,,,
cognate_1882,form_1889,1887,,,
cognate_1883,form_1890,1887,,,
cognate_1884,form_1891,1887,,,
cognate_1885,form_1892,1887,,,
cognate_1886,form_1893,1887,,,
cognate_1887,form_1894,1887,,,
cognate_1888,form_1895,1895,,,
cognate_1889,form_1896,1895,,,
cognate_1890,form_1897,1895,,,
cognate_1891,form_1898,1895,,,
cognate_1892,form_1899,1895,,,
cognate_1893,form_1900,1895,,,
cognate_1894,form_1901,1895,,,
cognate_1895,form_1902,1902,,,
cognate_1896,form_1903,1902,,,
cognate_1897,form_1904,1902,,,
cognate_1898,form_1905,1902,,,
cognate_1899,form_1906,1902,,,
cognate_1900,form_1907,1902,,,
cognate_1901,form_1908,1902,,,
cognate_1902,form_1909,1902,,,
cognate_1903,form_1910,1902,,,
cognate_1904,form_1911,1902,,,
cognate_1905,form_1912,1902,,,
cognate_1906,form_1913,1902,,,
cognate_1907,form_1914,1902,,,
cognate_1908,form_1915,1902,,,
cognate_1909,form_1916,1902,,,
cognate_1910,form_1917,1902,,,
cognate_1911,form_1918,1918,,,
cognate_1912,form_1919,1918,,,
cognate_1913,form_1920,1918,,,
cognate_1914,form_1921,1918,,,
cognate_1915,form_1922,1918,,,
cognate_1916,form_1923,1918,,,
cognate_1917,form_1924,1918,,,
cognate_1918,form_1925,1918,,,
cognate_1919,form_1926,1918,,,
cognate_1920,form_1927,1918,,,
cognate_1921,form_1928,1918,,,
cognate_1922,form_1929,1918,,,
cognate_1923,form_1930,1918,,,
cognate_1924,form_1931,1918,,,
cognate_1925,form_1932,1918,,,
cognate_1926,form_1933,1918,,,
cognate_1927,form_1934,1918,,,
cognate_1928,form_1935,1918,,,
cognate_1929,form_1936,1918,,,
cognate_1930,form_1937,1918,,,
cognate_1931,form_1938,1918,,,
cognate_1932,form_1939,1918,,,
cognate_1933,form_1940,1918,,,
cognate_1934,form_1941,1918,,,
cognate_1935,form_1942,1942,,,
cognate_1936,form_1943,1942,,,
cognate_1937,form_1944,1942,,,
cognate_1938,form_1945,1942,,,
cognate_1939,form_1946,1942,,,
cognate_1940,form_1947,1942,,,
cognate_1941,form_1948,1942,,,
cognate_1942,form_1949,1942,,,
cognate_1943,form_1950,1942,,,
cognate_1944,form_1951,1942,,,
cognate_1945,form_1952,1942,,,
cognate_1946,form_1953,1942,,,
cognate_1947,form_1954,1942,,,
cognate_1948,form_1955,1942,,,
cognate_1949,form_1956,1942,,,
cognate_1950,form_1957,1957,,,
cognate_1951,form_1958,1957,,,
cognate_1952,form_1959,1957,,,
cognate_1953,form_1960,1957,,,
cognate_1954,form_1961,1957,,,
cognate_1955,form_1962,1957,,,
cognate_1956,form_1963,1957,,,
cognate_1957,form_1964,1957,,,
cognate_1958,form_1965,1957,,,
cognate_1959,form_1966,1966,,,
cognate_1960,form_1967,1966,,,
cognate_1961,form_1968,1966,,,
cognate_1962,form_1969,1966,,,
cognate_1963,form_1970,1966,,,
cognate_1964,form_1971,1966,,,
cognate_1965,form_1972,1966,,,
cognate_1966,form_1973,1966,,,
cognate_1967,form_1974,1966,,,
cognate_1968,form_1975,1966,,,
cognate_1969,form_1976,1966,,,
cognate_1970,form_1977,1966,,,
cognate_1971,form_1978,1966,,,
cognate_1972,form_1979,1966,,,
cognate_1973,form_1980,1966,,,
cognate_1974,form_1981,1966,,,
cognate_1975,form_1982,1966,,,
cognate_1976,form_1983,1966,,,
cognate_1977,form_1984,1966,,,
cognate_1978,form_1985,1966,,,
cognate_1979,form_1986,1966,,,
cognate_1980,form_1987,1966,,,
cognate_1981,form_1988,1988,,,
cognate_1982,form_1989,1988,,,
cognate_1983,form_1990,1988,,,
cognate_1984,form_1991,1988,,,
cognate_1985,form_1992,1988,,,
cognate_1986,form_1993,1988,,,
cognate_1987,form_1994,1988,,,
cognate_1988,form_1995,1988,,,
cognate_1989,form_1996,1988,,,
cognate_1990,form_1997,1988,,,
cognate_1991,form_1998,1998,,,
cognate_1992,form_1999,1998,,,
cognate_1993,form_2000,1998,,,
cognate_1994,form_2001,1998,,,
cognate_1995,form_2002,1998,,,
cognate_1996,form_2003,1998,,,
cognate_1997,form_2004,1998,,,
cognate_1998,form_2005,1998,,,
cognate_1999,form_2006,2006,,,
cognate_2000,form_2007,2006,,,
cognate_2001,form_2008,2006,,,
cognate_2002,form_2009,2006,,,
cognate_2003,form_2010,2006,,,
cognate_2004,form_2011,2006,,,
cognate_2005,form_2012,2006,,,
cognate_2006,form_2013,2013,,,
cognate_2007,form_2014,2013,,,
cognate_2008,form_2015,2013,,,
cognate_2009,form_2016,2013,,,
cognate_2010,form_2017,2013,,,
cognate_2011,form_2018,2013,,,
cognate_2012,form_2019,2013,,,
cognate_2013,form_2020,2013,,,
cognate_2014,form_2021,2013,,,
cognate_2015,form_2022,2022,,,
cognate_2016,form_2023,2022,,,
cognate_2017,form_2024,2022,,,
cognate_2018,form_2025,2022,,,
cognate_2019,form_2026,2022,,,
cognate_2020,form_2027,2022,,,
cognate_2021,form_2028,2022,,,
cognate_2022,form_2029,2022,,,
cognate_2023,form_2030,2022,,,
cognate_2024,form_2031,2022,,,
cognate_2025,form_2032,2022,,,
cognate_2026,form_2033,2022,,,
cognate_2027,form_2034,2022,,,
cognate_2028,form_2035,2022,,,
cognate_2029,form_2036,2022,,,
cognate_2030,form_2037,2022,,,
cognate_2031,form_2038,2022,,,
cognate_2032,form_2039,2022,,,
cognate_2033,form_2040,2022,,,
cognate_2034,form_2041,2022,,,
cognate_2035,form_2042,2022,,,
cognate_2036,form_2043,2043,,,
cognate_2037,form_2044,2043,,,
cognate_2038,form_2045,2043,,,
cognate_2039,form_2046,2043,,,
cognate_2040,form_2047,2043,,,
cognate_2041,form_2048,2043,,,
cognate_2042,form_2049,2043,,,
cognate_2043,form_2050,2043,,,
cognate_2044,form_2051,2043,,,
cognate_2045,form_2052,2043,,,
cognate_2046,form_2053,2043,,,
cognate_2047,form_2054,2043,,,
cognate_2048,form_2055,2043,,,
cognate_2049,form_2056,2043,,,
cognate_2050,form_2057,2057,,,
cognate_2051,form_2058,2057,,,
cognate_2052,form_2059,2057,,,
cognate_2053,form_2060,2057,,,
cognate_2054,form_2061,2057,,,
cognate_2055,form_2062,2057,,,
cognate_2056,form_2063,2057,,,
cognate_2057,form_2064,2057,,,
cognate_2058,form_2065,2057,,,
cognate_2059,form_2066,2057,,,
cognate_2060,form_2067,2057,,,
cognate_2061,form_2068,2057,,,
cognate_2062,form_2069,2057,,,
cognate_2063,form_2070,2057,,,
cognate_2064,form_2071,2057,,,
cognate_2065,form_2072,2057,,,
cognate_2066,form_2073,2073,,,
cognate_2067,form_2074,2073,,,
cognate_2068,form_2075,2073,,,
cognate_2069,form_2076,2073,,,
cognate_2070,form_2077,2073,,,
cognate_2071,form_2078,2073,,,
cognate_2072,form_2079,2073,,,
cognate_2073,form_2080,2073,,,
cognate_2074,form_2081,2073,,,
cognate_2075,form_2082,2073,,,
cognate_2076,form_2083,2073,,,
cognate_2077,form_2084,2073,,,
cognate_2078,form_2085,2085,,,
cognate_2079,form_2086,2085,,,
cognate_2080,form_2087,2085,,,
cognate_2081,form_2088,2085,,,
cognate_2082,form_2089,2085,,,
cognate_2083,form_2090,2085,,,
cognate_2084,form_2091,2085,,,
cognate_2085,form_2092,2085,,,
cognate_2086,form_2093,2085,,,
cognate_2087,form_2094,2085,,,
cognate_2088,form_2095,2085,,,
cognate_2089,form_2096,2085,,,
cognate_2090,form_2097,2085,,,
cognate_2091,form_2098,2085,,,
cognate_2092,form_2099,2085,,,
cognate_2093,form_2100,2085,,,
cognate_2094,form_2101,2085,,,
cognate_2095,form_2102,2085,,,
cognate_2096,form_2103,2085,,,
cognate_2097,form_2104,2085,,,
cognate_2098,form_2105,2085,,,
cognate_2099,form_2106,2085,,,
cognate_2100,form_2107,2085,,,
cognate_2101,form_2108,2108,,,
cognate_2102,form_2109,2108,,,
cognate_2103,form_2110,2108,,,
cognate_2104,form_2111,2108,,,
cognate_2105,form_2112,2108,,,
cognate_2106,form_2113,2108,,,
cognate_2107,form_2114,2108,,,
cognate_2108,form_2115,2108,,,
cognate_2109,form_2116,2108,,,
cognate_2110,form_2117,2108,,,
cognate_2111,form_2118,2108,,,
cognate_2112,form_2119,2108,,,
cognate_2113,form_2120,2108,,,
cognate_2114,form_2121,2121,,,
cognate_2115,form_2122,2121,,,
cognate_2116,form_2123,2121,,,
cognate_2117,form_2124,2121,,,
cognate_2118,form_2125,2121,,,
cognate_2119,form_2126,2121,,,
cognate_2120,form_2127,2121,,,
cognate_2121,form_2128,2121,,,
cognate_2122,form_2129,2121,,,
cognate_2123,form_2130,2130,,,
cognate_2124,form_2131,2130,,,
cognate_2125,form_2132,2130,,,
cognate_2126,form_2133,2130,,,
cognate_2127,form_2134,2130,,,
cognate_2128,form_2135,2130,,,
cognate_2129,form_2136,2130,,,
cognate_2130,form_2137,2130,,,
cognate_2131,form_2138,2130,,,
cognate_2132,form_2139,2130,,,
cognate_2133,form_2140,2130,,,
cognate_2134,form_2141,2130,,,
cognate_2135,form_2142,2130,,,
cognate_2136,form_2143,2130,,,
cognate_2137,form_2144,2144,,,
cognate_2138,form_2145,2144,,,
cognate_2139,form_2146,2144,,,
cognate_2140,form_2147,2144,,,
cognate_2141,form_2148,2144,,,
cognate_2142,form_2149,2144,,,
cognate_2143,form_2150,2144,,,
cognate_2144,form_2151,2144,,,
cognate_2145,form_2152,2144,,,
cognate_2146,form_2153,2144,,,
cognate_2147,form_2154,2144,,,
cognate_2148,form_2155,2144,,,
cognate_2149,form_2156,2144,,,
cognate_2150,form_2157,2144,,,
cognate_2151,form_2158,2144,,,
cognate_2152,form_2159,2144,,,
cognate_2153,form_2160,2144,,,
cognate_2154,form_2161,2161,,,
cognate_2155,form_2162,2161,,,
cognate_2156,form_2163,2161,,,
cognate_2157,form_2164,2161,,,
cognate_2158,form_2165,2161,,,
cognate_2159,form_2166,2161,,,
cognate_2160,form_2167,2161,,,
cognate_2161,form_2168,2168,,,
cognate_2162,form_2169,2168,,,
cognate_2163,form_2170,2168,,,
cognate_2164,form_2171,2168,,,
cognate_2165,form_2172,2168,,,
cognate_2166,form_2173,2168,,,
cognate_2167,form_2174,2168,,,
cognate_2168,form_2175,2168,,,
cognate_2169,form_2176,2168,,,
cognate_2170,form_2177,2168,,,
cognate_2171,form_2178,2168,,,
cognate_2172,form_2179,2168,,,
cognate_2173,form_2180,2168,,,
cognate_2174,form_2181,2168,,,
cognate_2175,form_2182,2168,,,
cognate_2176,form_2183,2168,,,
cognate_2177,form_2184,2168,,,
cognate_2178,form_2185,2168,,,
cognate_2179,form_2186,2168,,,
cognate_2180,form_2187,2168,,,
cognate_2181,form_2188,2168,,,
cognate_2182,form_2189,2189,,,
cognate_2183,form_2190,2189,,,
cognate_2184,form_2191,2189,,,
cognate_2185,form_2192,2189,,,
cognate_2186,form_2193,2189,,,
cognate_2187,form_2194,2189,,,
cognate_2188,form_2195,2189,,,
cognate_2189,form_2196,2189,,,
cognate_2190,form_2197,2189,,,
cognate_2191,form_2198,2189,,,
cognate_2192,form_2199,2189,,,
cognate_2193,form_2200,2189,,,
cognate_2194,form_2201,2201,,,
cognate_2195,form_2202,2201,,,
cognate_2196,form_2203,2201,,,
cognate_2197,form_2204,2201,,,
cognate_2198,form_2205,2201,,,
cognate_2199,form_2206,2201,,,
cognate_2200,form_2207,2207,,,
cognate_2201,form_2208,2207,,,
cognate_2202,form_2209,2207,,,
cognate_2203,form_2210,2207,,,
cognate_2204,form_2211,2207,,,
cognate_2205,form_2212,2212,,,
cognate_2206,form_2213,2212,,,
cognate_2207,form_2214,2212,,,
cognate_2208,form_2215,2212,,,
cognate_2209,form_2216,2212,,,
cognate_2210,form_2217,2212,,,
cognate_2211,form_2218,2212,,,
cognate_2212,form_2219,2212,,,
cognate_2213,form_2220,2212,,,
cognate_2214,form_2221,2212,,,
cognate_2215,form_2222,2212,,,
cognate_2216,form_2223,2212,,,
cognate_2217,form_2224,2212,,,
cognate_2218,form_2225,2212,,,
cognate_2219,form_2226,2212,,,
cognate_2220,form_2227,2212,,,
cognate_2221,form_2228,2212,,,
cognate_2222,form_2229,2212,,,
cognate_2223,form_2230,2212,,,
cognate_2224,form_2231,2212,,,
cognate_2225,form_2232,2212,,,
cognate_2226,form_2233,2212,,,
cognate_2227,form_2234,2212,,,
cognate_2228,form_2235,2212,,,
cognate_2229,form_2236,2212,,,
cognate_2230,form_2237,2212,,,
cognate_2231,form_2238,2212,,,
cognate_2232,form_2239,2212,,,
cognate_2233,form_2240,2212,,,
cognate_2234,form_2241,2212,,,
cognate_2235,form_2242,2212,,,
cognate_2236,form_2243,2212,,,
cognate_2237,form_2244,2212,,,
cognate_2238,form_2245,2212,,,
cognate_2239,form_2246,2246,,,
cognate_2240,form_2247,2246,,,
cognate_2241,form_2248,2246,,,
cognate_2242,form_2249,2246,,,
cognate_2243,form_2250,2246,,,
cognate_2244,form_2251,2246,,,
cognate_2245,form_2252,2252,,,
cognate_2246,form_2253,2252,,,
cognate_2247,form_2254,2252,,,
cognate_2248,form_2255,2252,,,
cognate_2249,form_2256,2252,,,
cognate_2250,form_2257,2252,,,
cognate_2251,form_2258,2252,,,
cognate_2252,form_2259,2252,,,
cognate_2253,form_2260,2252,,,
cognate_2254,form_2261,2252,,,
cognate_2255,form_2262,2252,,,
cognate_2256,form_2263,2252,,,
cognate_2257,form_2264,2264,,,
cognate_2258,form_2265,2264,,,
cognate_2259,form_2266,2264,,,
cognate_2260,form_2267,2264,,,
cognate_2261,form_2268,2264,,,
cognate_2262,form_2269,2264,,,
cognate_2263,form_2270,2264,,,
cognate_2264,form_2271,2264,,,
cognate_2265,form_2272,2264,,,
cognate_2266,form_2273,2264,,,
cognate_2267,form_2274,2264,,,
cognate_2268,form_2275,2264,,,
cognate_2269,form_2276,2264,,,
cognate_2270,form_2277,2264,,,
cognate_2271,form_2278,2264,,,
cognate_2272,form_2279,2264,,,
cognate_2273,form_2280,2264,,,
cognate_2274,form_2281,2264,,,
cognate_2275,form_2282,2264,,,
cognate_2276,form_2283,2264,,,
cognate_2277,form_2284,2264,,,
cognate_2278,form_2285,2264,,,
cognate_2279,form_2286,2264,,,
cognate_2280,form_2287,2264,,,
cognate_2281,form_2288,2264,,,
cognate_2282,form_2289,2264,,,
cognate_2283,form_2290,2264,,,
cognate_2284,form_2291,2264,,,
cognate_2285,form_2292,2264,,,
cognate_2286,form_2293,2264,,,
cognate_2287,form_2294,2294,,,
cognate_2288,form_2295,2294,,,
cognate_2289,form_2296,2294,,,
cognate_2290,form_2297,2294,,,
cognate_2291,form_2298,2298,,,
cognate_2292,form_2299,2299,,,
cognate_2293,form_2300,2299,,,
cognate_2294,form_2301,2299,,,
cognate_2295,form_2302,2299,,,
cognate_2296,form_2303,2299,,,
cognate_2297,form_2304,2299,,,
cognate_2298,form_2305,2299,,,
cognate_2299,form_2306,2299,,,
cognate_2300,form_2307,2299,,,
cognate_2301,form_2308,2299,,,
cognate_2302,form_2309,2299,,,
cognate_2303,form_2310,2299,,,
cognate_2304,form_2311,2299,,,
cognate_2305,form_2312,2312,,,
cognate_2306,form_2313,2312,,,
cognate_2307,form_2314,2312,,,
cognate_2308,form_2315,2312,,,
cognate_2309,form_2316,2312,,,
cognate_2310,form_2318,2312,,,
cognate_2311,form_2321,2312,,,
cognate_2312,form_2323,2312,,,
cognate_2313,form_2324,2312,,,
cognate_2314,form_2325,2312,,,
cognate_2315,form_2326,2312,,,
cognate_2316,form_2328,2312,,,
cognate_2317,form_2330,2312,,,
cognate_2318,form_2331,2312,,,
cognate_2319,form_2332,2312,,,
cognate_2320,form_2333,2312,,,
cognate_2321,form_2334,2312,,,
cognate_2322,form_2337,2312,,,
cognate_2323,form_2339,2312,,,
cognate_2324,form_2341,2312,,,
cognate_2325,form_2343,2312,,,
cognate_2326,form_2345,2312,,,
cognate_2327,form_2347,2312,,,
cognate_2328,form_2348,2312,,,
cognate_2329,form_2349,2312,,,
cognate_2330,form_2352,2312,,,
cognate_2331,form_2353,2312,,,
cognate_2332,form_2354,2312,,,
cognate_2333,form_2355,2312,,,
cognate_2334,form_2356,2356,,,
cognate_2335,form_2357,2356,,,
cognate_2336,form_2358,2356,,,
cognate_2337,form_2359,2356,,,
cognate_2338,form_2360,2356,,,
cognate_2339,form_2361,2356,,,
cognate_2340,form_2362,2356,,,
cognate_2341,form_2363,2356,,,
cognate_2342,form_2364,2356,,,
cognate_2343,form_2365,2365,,,
cognate_2344,form_2366,2365,,,
cognate_2345,form_2367,2365,,,
cognate_2346,form_2368,2365,,,
cognate_2347,form_2369,2365,,,
cognate_2348,form_2370,2365,,,
cognate_2349,form_2371,2365,,,
cognate_2350,form_2372,2365,,,
cognate_2351,form_2373,2365,,,
cognate_2352,form_2374,2365,,,
cognate_2353,form_2375,2365,,,
cognate_2354,form_2376,2365,,,
cognate_2355,form_2377,2365,,,
cognate_2356,form_2378,2365,,,
cognate_2357,form_2379,2365,,,
cognate_2358,form_2380,2365,,,
cognate_2359,form_2381,2365,,,
cognate_2360,form_2382,2365,,,
cognate_2361,form_2383,2365,,,
cognate_2362,form_2384,2365,,,
cognate_2363,form_2385,2365,,,
cognate_2364,form_2386,2386,,,
cognate_2365,form_2387,2386,,,
cognate_2366,form_2388,2386,,,
cognate_2367,form_2389,2386,,,
cognate_2368,form_2390,2386,,,
cognate_2369,form_2391,2391,,,
cognate_2370,form_2392,2391,,,
cognate_2371,form_2393,2391,,,
cognate_2372,form_2394,2394,,,
cognate_2373,form_2395,2394,,,
cognate_2374,form_2396,2394,,,
cognate_2375,form_2397,2394,,,
cognate_2376,form_2398,2394,,,
cognate_2377,form_2399,2394,,,
cognate_2378,form_2400,2394,,,
cognate_2379,form_2401,2394,,,
cognate_2380,form_2402,2394,,,
cognate_2381,form_2403,2394,,,
cognate_2382,form_2404,2394,,,
cognate_2383,form_2405,2394,,,
cognate_2384,form_2406,2394,,,
cognate_2385,form_2407,2394,,,
cognate_2386,form_2408,2394,,,
cognate_2387,form_2409,2394,,,
cognate_2388,form_2410,2394,,,
cognate_2389,form_2411,2394,,,
cognate_2390,form_2412,2394,,,
cognate_2391,form_2413,2394,,,
cognate_2392,form_2414,2394,,,
cognate_2393,form_2415,2394,,,
cognate_2394,form_2416,2416,,,
cognate_2395,form_2417,2416,,,
cognate_2396,form_2418,2416,,,
cognate_2397,form_2419,2416,,,
cognate_2398,form_2420,2416,,,
cognate_2399,form_2421,2416,,,
cognate_2400,form_2422,2416,,,
cognate_2401,form_2423,2416,,,
cognate_2402,form_2424,2416,,,
cognate_2403,form_2425,2416,,,
cognate_2404,form_2426,2416,,,
cognate_2405,form_2427,2416,,,
cognate_2406,form_2428,2416,,,
cognate_2407,form_2429,2416,,,
cognate_2408,form_2430,2416,,,
cognate_2409,form_2431,2431,,,
cognate_2410,form_2432,2431,,,
cognate_2411,form_2433,2431,,,
cognate_2412,form_2434,2431,,,
cognate_2413,form_2435,2431,,,
cognate_2414,form_2436,2431,,,
cognate_2415,form_2437,2431,,,
cognate_2416,form_2438,2431,,,
cognate_2417,form_2439,2431,,,
cognate_2418,form_2440,2431,,,
cognate_2419,form_2441,2431,,,
cognate_2420,form_2445,2445,,,
cognate_2421,form_2446,2445,,,
cognate_2422,form_2447,2445,,,
cognate_2423,form_2448,2445,,,
cognate_2424,form_2449,2445,,,
cognate_2425,form_2450,2445,,,
cognate_2426,form_2451,2445,,,
cognate_2427,form_2452,2445,,,
cognate_2428,form_2453,2445,,,
cognate_2429,form_2454,2445,,,
cognate_2430,form_2455,2445,,,
cognate_2431,form_2456,2445,,,
cognate_2432,form_2457,2445,,,
cognate_2433,form_2458,2445,,,
cognate_2434,form_2459,2445,,,
cognate_2435,form_2460,2445,,,
cognate_2436,form_2461,2445,,,
cognate_2437,form_2462,2445,,,
cognate_2438,form_2463,2445,,,
cognate_2439,form_2464,2445,,,
cognate_2440,form_2465,2445,,,
cognate_2441,form_2466,2445,,,
cognate_2442,form_2467,2445,,,
cognate_2443,form_2468,2468,,,
cognate_2444,form_2469,2468,,,
cognate_2445,form_2470,2468,,,
cognate_2446,form_2471,2468,,,
cognate_2447,form_2472,2468,,,
cognate_2448,form_2473,2468,,,
cognate_2449,form_2474,2468,,,
cognate_2450,form_2475,2475,,,
cognate_2451,form_2476,2475,,,
cognate_2452,form_2477,2475,,,
cognate_2453,form_2478,2475,,,
cognate_2454,form_2479,2475,,,
cognate_2455,form_2480,2475,,,
cognate_2456,form_2481,2475,,,
cognate_2457,form_2482,2475,,,
cognate_2458,form_2483,2475,,,
cognate_2459,form_2484,2475,,,
cognate_2460,form_2485,2475,,,
cognate_2461,form_2486,2475,,,
cognate_2462,form_2487,2475,,,
cognate_2463,form_2488,2488,,,
cognate_2464,form_2489,2488,,,
cognate_2465,form_2490,2488,,,
cognate_2466,form_2491,2488,,,
cognate_2467,form_2492,2488,,,
cognate_2468,form_2493,2488,,,
cognate_2469,form_2494,2488,,,
cognate_2470,form_2495,2488,,,
cognate_2471,form_2496,2488,,,
cognate_2472,form_2497,2488,,,
cognate_2473,form_2498,2488,,,
cognate_2474,form_2499,2488,,,
cognate_2475,form_2500,2488,,,
cognate_2476,form_2501,2501,,,
cognate_2477,form_2502,2501,,,
cognate_2478,form_2503,2501,,,
cognate_2479,form_2504,2501,,,
cognate_2480,form_2505,2501,,,
cognate_2481,form_2506,2501,,,
cognate_2482,form_2507,2501,,,
cognate_2483,form_2508,2501,,,
cognate_2484,form_2509,2501,,,
cognate_2485,form_2510,2501,,,
cognate_2486,form_2511,2511,,,
cognate_2487,form_2512,2511,,,
cognate_2488,form_2513,2511,,,
cognate_2489,form_2514,2511,,,
cognate_2490,form_2515,2511,,,
cognate_2491,form_2516,2511,,,
cognate_2492,form_2517,2511,,,
cognate_2493,form_2518,2511,,,
cognate_2494,form_2519,2511,,,
cognate_2495,form_2520,2511,,,
cognate_2496,form_2521,2521,,,
cognate_2497,form_2522,2521,,,
cognate_2498,form_2523,2521,,,
cognate_2499,form_2524,2521,,,
cognate_2500,form_2525,2521,,,
cognate_2501,form_2526,2521,,,
cognate_2502,form_2527,2521,,,
cognate_2503,form_2528,2521,,,
cognate_2504,form_2529,2521,,,
cognate_2505,form_2530,2521,,,
cognate_2506,form_2531,2521,,,
cognate_2507,form_2532,2521,,,
cognate_2508,form_2533,2521,,,
cognate_2509,form_2534,2534,,,
cognate_2510,form_2535,2534,,,
cognate_2511,form_2536,2534,,,
cognate_2512,form_2537,2534,,,
cognate_2513,form_2538,2534,,,
cognate_2514,form_2539,2534,,,
cognate_2515,form_2540,2534,,,
cognate_2516,form_2541,2541,,,
cognate_2517,form_2542,2541,,,
cognate_2518,form_2543,2541,,,
cognate_2519,form_2544,2541,,,
cognate_2520,form_2545,2541,,,
cognate_2521,form_2546,2546,,,
cognate_2522,form_2547,2546,,,
cognate_2523,form_2548,2546,,,
cognate_2524,form_2549,2546,,,
cognate_2525,form_2550,2546,,,
cognate_2526,form_2551,2546,,,
cognate_2527,form_2552,2546,,,
cognate_2528,form_2553,2546,,,
cognate_2529,form_2554,2546,,,
cognate_2530,form_2555,2546,,,
cognate_2531,form_2556,2546,,,
cognate_2532,form_2557,2546,,,
cognate_2533,form_2558,2546,,,
cognate_2534,form_2559,2546,,,
cognate_2535,form_2560,2560,,,
cognate_2536,form_2561,2560,,,
cognate_2537,form_2562,2560,,,
cognate_2538,form_2563,2560,,,
cognate_2539,form_2564,2560,,,
cognate_2540,form_2565,2560,,,
cognate_2541,form_2566,2560,,,
cognate_2542,form_2567,2560,,,
cognate_2543,form_2568,2560,,,
cognate_2544,form_2569,2560,,,
cognate_2545,form_2570,2560,,,
cognate_2546,form_2571,2560,,,
cognate_2547,form_2572,2572,,,
cognate_2548,form_2573,2572,,,
cognate_2549,form_2574,2572,,,
cognate_2550,form_2575,2572,,,
cognate_2551,form_2576,2572,,,
cognate_2552,form_2577,2572,,,
cognate_2553,form_2578,2572,,,
cognate_2554,form_2579,2572,,,
cognate_2555,form_2580,2572,,,
cognate_2556,form_2581,2572,,,
cognate_2557,form_2582,2572,,,
cognate_2558,form_2583,2572,,,
cognate_2559,form_2584,2572,,,
cognate_2560,form_2585,2572,,,
cognate_2561,form_2586,2572,,,
cognate_2562,form_2587,2572,,,
cognate_2563,form_2588,2572,,,
cognate_2564,form_2589,2572,,,
cognate_2565,form_2590,2572,,,
cognate_2566,form_2591,2572,,,
cognate_2567,form_2592,2572,,,
cognate_2568,form_2593,2572,,,
cognate_2569,form_2594,2572,,,
cognate_2570,form_2595,2595,,,
cognate_2571,form_2596,2595,,,
cognate_2572,form_2597,2595,,,
cognate_2573,form_2598,2595,,,
cognate_2574,form_2599,2595,,,
cognate_2575,form_2600,2595,,,
cognate_2576,form_2601,2595,,,
cognate_2577,form_2602,2602,,,
cognate_2578,form_2603,2602,,,
cognate_2579,form_2604,2602,,,
cognate_2580,form_2605,2602,,,
cognate_2581,form_2606,2602,,,
cognate_2582,form_2607,2602,,,
cognate_2583,form_2608,2602,,,
cognate_2584,form_2609,2602,,,
cognate_2585,form_2610,2602,,,
cognate_2586,form_2611,2611,,,
cognate_2587,form_2612,2611,,,
cognate_2588,form_2613,2611,,,
cognate_2589,form_2614,2611,,,
cognate_2590,form_2615,2611,,,
cognate_2591,form_2616,2611,,,
cognate_2592,form_2617,2611,,,
cognate_2593,form_2618,2611,,,
cognate_2594,form_2619,2611,,,
cognate_2595,form_2620,2611,,,
cognate_2596,form_2621,2611,,,
cognate_2597,form_2622,2611,,,
cognate_2598,form_2623,2611,,,
cognate_2599,form_2624,2611,,,
cognate_2600,form_2625,2611,,,
cognate_2601,form_2626,2611,,,
cognate_2602,form_2627,2611,,,
cognate_2603,form_2628,2611,,,
cognate_2604,form_2629,2629,,,
cognate_2605,form_2630,2629,,,
cognate_2606,form_2631,2629,,,
cognate_2607,form_2632,2629,,,
cognate_2608,form_2633,2629,,,
cognate_2609,form_2634,2629,,,
cognate_2610,form_2635,2629,,,
cognate_2611,form_2636,2629,,,
cognate_2612,form_2637,2629,,,
cognate_2613,form_2638,2629,,,
cognate_2614,form_2639,2639,,,
cognate_2615,form_2640,2639,,,
cognate_2616,form_2641,2639,,,
cognate_2617,form_2642,2639,,,
cognate_2618,form_2643,2639,,,
cognate_2619,form_2644,2639,,,
cognate_2620,form_2645,2645,,,
cognate_2621,form_2646,2645,,,
cognate_2622,form_2647,2645,,,
cognate_2623,form_2648,2645,,,
cognate_2624,form_2649,2645,,,
cognate_2625,form_2650,2645,,,
cognate_2626,form_2651,2645,,,
cognate_2627,form_2652,2645,,,
cognate_2628,form_2653,2645,,,
cognate_2629,form_2654,2645,,,
cognate_2630,form_2655,2645,,,
cognate_2631,form_2656,2645,,,
cognate_2632,form_2657,2645,,,
cognate_2633,form_2658,2645,,,
cognate_2634,form_2659,2659,,,
cognate_2635,form_2660,2659,,,
cognate_2636,form_2661,2659,,,
cognate_2637,form_2662,2659,,,
cognate_2638,form_2663,2659,,,
cognate_2639,form_2664,2659,,,
cognate_2640,form_2665,2659,,,
cognate_2641,form_2666,2659,,,
cognate_2642,form_2667,2659,,,
cognate_2643,form_2668,2659,,,
cognate_2644,form_2669,2669,,,
cognate_2645,form_2670,2669,,,
cognate_2646,form_2671,2669,,,
cognate_2647,form_2672,2669,,,
cognate_2648,form_2673,2669,,,
cognate_2649,form_2674,2669,,,
cognate_2650,form_2675,2669,,,
cognate_2651,form_2676,2669,,,
cognate_2652,form_2677,2669,,,
cognate_2653,form_2678,2669,,,
cognate_2654,form_2679,2669,,,
cognate_2655,form_2680,2669,,,
cognate_2656,form_2681,2669,,,
cognate_2657,form_2682,2669,,,
cognate_2658,form_2683,2669,,,
cognate_2659,form_2684,2669,,,
cognate_2660,form_2685,2669,,,
cognate_2661,form_2686,2686,,,
cognate_2662,form_2687,2686,,,
cognate_2663,form_2688,2686,,,
cognate_2664,form_2689,2686,,,
cognate_2665,form_2690,2690,,,
cognate_2666,form_2691,2690,,,
cognate_2667,form_2692,2690,,,
cognate_2668,form_2693,2690,,,
cognate_2669,form_2694,2690,,,
cognate_2670,form_2695,2690,,,
cognate_2671,form_2696,2696,,,
cognate_2672,form_2697,2696,,,
cognate_2673,form_2698,2696,,,
cognate_2674,form_2699,2696,,,
cognate_2675,form_2700,2696,,,
cognate_2676,form_2701,2696,,,
cognate_2677,form_2702,2696,,,
cognate_2678,form_2703,2696,,,
cognate_2679,form_2704,2696,,,
cognate_2680,form_2705,2696,,,
cognate_2681,form_2706,2696,,,
cognate_2682,form_2707,2696,,,
cognate_2683,form_2708,2696,,,
cognate_2684,form_2709,2696,,,
cognate_2685,form_2710,2696,,,
cognate_2686,form_2711,2696,,,
cognate_2687,form_2712,2696,,,
cognate_2688,form_2713,2696,,,
cognate_2689,form_2714,2696,,,
cognate_2690,form_2715,2696,,,
cognate_2691,form_2716,2696,,,
cognate_2692,form_2717,2696,,,
cognate_2693,form_2718,2696,,,
cognate_2694,form_2719,2696,,,
cognate_2695,form_2720,2696,,,
cognate_2696,form_2721,2696,,,
cognate_2697,form_2722,2722,,,
cognate_2698,form_2723,2722,,,
cognate_2699,form_2724,2722,,,
cognate_2700,form_2725,2722,,,
cognate_2701,form_2726,2722,,,
cognate_2702,form_2727,2722,,,
cognate_2703,form_2728,2722,,,
cognate_2704,form_2729,2729,,,
cognate_2705,form_2730,2729,,,
cognate_2706,form_2731,2729,,,
cognate_2707,form_2732,2729,,,
cognate_2708,form_2733,2729,,,
cognate_2709,form_2734,2729,,,
cognate_2710,form_2735,2729,,,
cognate_2711,form_2736,2729,,,
cognate_2712,form_2737,2729,,,
cognate_2713,form_2738,2729,,,
cognate_2714,form_2739,2729,,,
cognate_2715,form_2740,2740,,,
cognate_2716,form_2741,2740,,,
cognate_2717,form_2742,2740,,,
cognate_2718,form_2743,2740,,,
cognate_2719,form_2744,2740,,,
cognate_2720,form_2745,2740,,,
cognate_2721,form_2746,2740,,,
cognate_2722,form_2747,2740,,,
cognate_2723,form_2748,2740,,,
cognate_2724,form_2749,2740,,,
cognate_2725,form_2750,2740,,,
cognate_2726,form_2751,2740,,,
cognate_2727,form_2752,2740,,,
cognate_2728,form_2753,2740,,,
cognate_2729,form_2754,2740,,,
cognate_2730,form_2755,2740,,,
cognate_2731,form_2756,2756,,,
cognate_2732,form_2757,2756,,,
cognate_2733,form_2758,2756,,,
cognate_2734,form_2759,2756,,,
cognate_2735,form_2760,2756,,,
cognate_2736,form_2761,2756,,,
cognate_2737,form_2762,2756,,,
cognate_2738,form_2763,2756,,,
cognate_2739,form_2764,2756,,,
cognate_2740,form_2765,2756,,,
cognate_2741,form_2766,2756,,,
cognate_2742,form_2767,2756,,,
cognate_2743,form_2768,2756,,,
cognate_2744,form_2769,2756,,,
cognate_2745,form_2770,2770,,,
cognate_2746,form_2771,2770,,,
cognate_2747,form_2772,2770,,,
cognate_2748,form_2773,2770,,,
cognate_2749,form_2774,2770,,,
cognate_2750,form_2775,2770,,,
cognate_2751,form_2776,2770,,,
cognate_2752,form_2777,2770,,,
cognate_2753,form_2778,2770,,,
cognate_2754,form_2779,2770,,,
cognate_2755,form_2780,2770,,,
cognate_2756,form_2781,2770,,,
cognate_2757,form_2782,2770,,,
cognate_2758,form_2783,2770,,,
cognate_2759,form_2784,2770,,,
cognate_2760,form_2785,2770,,,
cognate_2761,form_2786,2770,,,
cognate_2762,form_2787,2770,,,
cognate_2763,form_2788,2770,,,
cognate_2764,form_2789,2770,,,
cognate_2765,form_2790,2770,,,
cognate_2766,form_2791,2770,,,
cognate_2767,form_2792,2770,,,
cognate_2768,form_2793,2793,,,
cognate_2769,form_2794,2793,,,
cognate_2770,form_2795,2793,,,
cognate_2771,form_2796,2793,,,
cognate_2772,form_2797,2793,,,
cognate_2773,form_2798,2793,,,
cognate_2774,form_2799,2793,,,
cognate_2775,form_2800,2793,,,
cognate_2776,form_2801,2793,,,
cognate_2777,form_2802,2802,,,
cognate_2778,form_2803,2802,,,
cognate_2779,form_2804,2802,,,
cognate_2780,form_2805,2802,,,
cognate_2781,form_2806,2802,,,
cognate_2782,form_2807,2802,,,
cognate_2783,form_2808,2802,,,
cognate_2784,form_2809,2809,,,
cognate_2785,form_2810,2809,,,
cognate_2786,form_2811,2809,,,
cognate_2787,form_2812,2809,,,
cognate_2788,form_2813,2809,,,
cognate_2789,form_2814,2809,,,
cognate_2790,form_2815,2815,,,
cognate_2791,form_2816,2815,,,
cognate_2792,form_2817,2815,,,
cognate_2793,form_2818,2815,,,
cognate_2794,form_2819,2815,,,
cognate_2795,form_2820,2815,,,
cognate_2796,form_2821,2815,,,
cognate_2797,form_2822,2822,,,
cognate_2798,form_2823,2822,,,
cognate_2799,form_2824,2822,,,
cognate_2800,form_2825,2822,,,
cognate_2801,form_2826,2822,,,
cognate_2802,form_2827,2822,,,
cognate_2803,form_2828,2822,,,
cognate_2804,form_2829,2822,,,
cognate_2805,form_2830,2830,,,
cognate_2806,form_2831,2830,,,
cognate_2807,form_2832,2830,,,
cognate_2808,form_2833,2830,,,
cognate_2809,form_2834,2830,,,
cognate_2810,form_2835,2830,,,
cognate_2811,form_2836,2830,,,
cognate_2812,form_2837,2837,,,
cognate_2813,form_2838,2837,,,
cognate_2814,form_2839,2837,,,
cognate_2815,form_2840,2837,,,
cognate_2816,form_2841,2837,,,
cognate_2817,form_2842,2837,,,
cognate_2818,form_2843,2837,,,
cognate_2819,form_2844,2837,,,
cognate_2820,form_2845,2837,,,
cognate_2821,form_2846,2837,,,
cognate_2822,form_2847,2837,,,
cognate_2823,form_2848,2848,,,
cognate_2824,form_2849,2848,,,
cognate_2825,form_2850,2848,,,
cognate_2826,form_2851,2848,,,
cognate_2827,form_2852,2848,,,
cognate_2828,form_2853,2848,,,
cognate_2829,form_2854,2848,,,
cognate_2830,form_2855,2848,,,
cognate_2831,form_2856,2848,,,
cognate_2832,form_2857,2848,,,
cognate_2833,form_2858,2858,,,
cognate_2834,form_2859,2858,,,
cognate_2835,form_2860,2858,,,
cognate_2836,form_2861,2858,,,
cognate_2837,form_2862,2858,,,
cognate_2838,form_2863,2858,,,
cognate_2839,form_2864,2858,,,
cognate_2840,form_2865,2858,,,
cognate_2841,form_2866,2866,,,
cognate_2842,form_2867,2866,,,
cognate_2843,form_2868,2866,,,
cognate_2844,form_2869,2866,,,
cognate_2845,form_2870,2866,,,
cognate_2846,form_2871,2866,,,
cognate_2847,form_2872,2866,,,
cognate_2848,form_2873,2873,,,
cognate_2849,form_2874,2873,,,
cognate_2850,form_2875,2873,,,
cognate_2851,form_2876,2873,,,
cognate_2852,form_2877,2873,,,
cognate_2853,form_2878,2873,,,
cognate_2854,form_2879,2873,,,
cognate_2855,form_2880,2873,,,
cognate_2856,form_2881,2881,,,
cognate_2857,form_2882,2881,,,
cognate_2858,form_2883,2881,,,
cognate_2859,form_2884,2881,,,
cognate_2860,form_2885,2881,,,
cognate_2861,form_2886,2881,,,
cognate_2862,form_2887,2881,,,
cognate_2863,form_2888,2881,,,
cognate_2864,form_2889,2881,,,
cognate_2865,form_2890,2881,,,
cognate_2866,form_2891,2881,,,
cognate_2867,form_2892,2881,,,
cognate_2868,form_2893,2881,,,
cognate_2869,form_2894,2881,,,
cognate_2870,form_2895,2881,,,
cognate_2871,form_2896,2881,,,
cognate_2872,form_2897,2881,,,
cognate_2873,form_2898,2881,,,
cognate_2874,form_2899,2881,,,
cognate_2875,form_2900,2881,,,
cognate_2876,form_2901,2901,,,
cognate_2877,form_2902,2901,,,
cognate_2878,form_2903,2901,,,
cognate_2879,form_2904,2901,,,
cognate_2880,form_2905,2901,,,
cognate_2881,form_2906,2901,,,
cognate_2882,form_2907,2901,,,
cognate_2883,form_2908,2901,,,
cognate_2884,form_2909,2901,,,
cognate_2885,form_2910,2901,,,
cognate_2886,form_2911,2901,,,
cognate_2887,form_2912,2901,,,
cognate_2888,form_2913,2901,,,
cognate_2889,form_2914,2901,,,
cognate_2890,form_2915,2901,,,
cognate_2891,form_2916,2901,,,
cognate_2892,form_2917,2901,,,
cognate_2893,form_2918,2901,,,
cognate_2894,form_2920,2901,,,
cognate_2895,form_2921,2921,,,
cognate_2896,form_2922,2922,,,
cognate_2897,form_2923,2922,,,
cognate_2898,form_2924,2922,,,
cognate_2899,form_2925,2922,,,
cognate_2900,form_2926,2922,,,
cognate_2901,form_2927,2922,,,
cognate_2902,form_2928,2922,,,
cognate_2903,form_2929,2922,,,
cognate_2904,form_2930,2922,,,
cognate_2905,form_2931,2922,,,
cognate_2906,form_2932,2922,,,
cognate_2907,form_2933,2922,,,
cognate_2908,form_2934,2922,,,
cognate_2909,form_2935,2922,,,
cognate_2910,form_2936,2922,,,
cognate_2911,form_2937,2937,,,
cognate_2912,form_2938,2937,,,
cognate_2913,form_2939,2937,,,
cognate_2914,form_2940,2937,,,
cognate_2915,form_2941,2937,,,
cognate_2916,form_2942,2937,,,
cognate_2917,form_2943,2937,,,
cognate_2918,form_2944,2937,,,
cognate_2919,form_2945,2937,,,
cognate_2920,form_2946,2937,,,
cognate_2921,form_2947,2937,,,
cognate_2922,form_2948,2937,,,
cognate_2923,form_2949,2937,,,
cognate_2924,form_2950,2937,,,
cognate_2925,form_2951,2937,,,
cognate_2926,form_2952,2937,,,
cognate_2927,form_2953,2937,,,
cognate_2928,form_2957,2937,,,
cognate_2929,form_2961,2937,,,
cognate_2930,form_2965,2937,,,
cognate_2931,form_2968,2937,,,
cognate_2932,form_2969,2937,,,
cognate_2933,form_2970,2937,,,
cognate_2934,form_2971,2937,,,
cognate_2935,form_2972,2972,,,
cognate_2936,form_2973,2972,,,
cognate_2937,form_2974,2972,,,
cognate_2938,form_2975,2972,,,
cognate_2939,form_2976,2972,,,
cognate_2940,form_2977,2972,,,
cognate_2941,form_2978,2972,,,
cognate_2942,form_2979,2972,,,
cognate_2943,form_2980,2972,,,
cognate_2944,form_2981,2972,,,
cognate_2945,form_2982,2972,,,
cognate_2946,form_2983,2972,,,
cognate_2947,form_2984,2972,,,
cognate_2948,form_2985,2985,,,
cognate_2949,form_2986,2985,,,
cognate_2950,form_2987,2985,,,
cognate_2951,form_2988,2985,,,
cognate_2952,form_2989,2985,,,
cognate_2953,form_2990,2985,,,
cognate_2954,form_2991,2985,,,
cognate_2955,form_2992,2985,,,
cognate_2956,form_2993,2985,,,
cognate_2957,form_2994,2985,,,
cognate_2958,form_2995,2985,,,
cognate_2959,form_2996,2985,,,
cognate_2960,form_2997,2985,,,
cognate_2961,form_2998,2985,,,
cognate_2962,form_2999,2985,,,
cognate_2963,form_3000,2985,,,
cognate_2964,form_3001,2985,,,
cognate_2965,form_3002,2985,,,
cognate_2966,form_3003,2985,,,
cognate_2967,form_3004,2985,,,
cognate_2968,form_3005,2985,,,
cognate_2969,form_3006,2985,,,
cognate_2970,form_3007,2985,,,
cognate_2971,form_3008,2985,,,
cognate_2972,form_3009,2985,,,
cognate_2973,form_3010,2985,,,
cognate_2974,form_3011,2985,,,
cognate_2975,form_3012,2985,,,
cognate_2976,form_3013,2985,,,
cognate_2977,form_3014,2985,,,
cognate_2978,form_3018,2985,,,
cognate_2979,form_3019,2985,,,
cognate_2980,form_3020,3020,,,
cognate_2981,form_3021,3020,,,
cognate_2982,form_3022,3020,,,
cognate_2983,form_3023,3020,,,
cognate_2984,form_3024,3020,,,
cognate_2985,form_3025,3020,,,
cognate_2986,form_3026,3020,,,
cognate_2987,form_3027,3020,,,
cognate_2988,form_3028,3020,,,
cognate_2989,form_3029,3020,,,
cognate_2990,form_3030,3020,,,
cognate_2991,form_3031,3020,,,
cognate_2992,form_3032,3020,,,
cognate_2993,form_3033,3020,,,
cognate_2994,form_3034,3034,,,
cognate_2995,form_3035,3034,,,
cognate_2996,form_3036,3034,,,
cognate_2997,form_3037,3034,,,
cognate_2998,form_3038,3034,,,
cognate_2999,form_3039,3034,,,
cognate_3000,form_3040,3034,,,
cognate_3001,form_3041,3034,,,
cognate_3002,form_3042,3034,,,
cognate_3003,form_3043,3034,,,
cognate_3004,form_3044,3034,,,
cognate_3005,form_3045,3034,,,
cognate_3006,form_3046,3034,,,
cognate_3007,form_3047,3034,,,
cognate_3008,form_3048,3048,,,
cognate_3009,form_3049,3048,,,
cognate_3010,form_3050,3048,,,
cognate_3011,form_3051,3048,,,
cognate_3012,form_3052,3048,,,
cognate_3013,form_3053,3048,,,
cognate_3014,form_3054,3048,,,
cognate_3015,form_3055,3048,,,
cognate_3016,form_3056,3048,,,
cognate_3017,form_3057,3048,,,
cognate_3018,form_3058,3048,,,
cognate_3019,form_3059,3048,,,
cognate_3020,form_3060,3048,,,
cognate_3021,form_3061,3048,,,
cognate_3022,form_3062,3048,,,
cognate_3023,form_3063,3048,,,
cognate_3024,form_3064,3048,,,
cognate_3025,form_3065,3065,,,
cognate_3026,form_3066,3065,,,
cognate_3027,form_3067,3065,,,
cognate_3028,form_3068,3065,,,
cognate_3029,form_3069,3065,,,
cognate_3030,form_3070,3065,,,
