ID,Language_ID,Parameter_ID,Form,Segments,Comment,Source
1,Proto-Semitic,NA,-at-,,,
2,Akkadian,NA,-ğ’Œˆ,,,
3,Gulf_Arabic,NA,Ù€Ø©,,,
4,Maltese,NA,-a,,,
5,Classical_Syriac,NA,Ù€Ü¬Ü³Ü,,,
6,Classical_Syriac,NA,Ù€Ü»ÜÜ¬Ü³Ü,,,
7,Classical_Syriac,NA,Ù€Ü½Ü˜Ü¬Ü³Ü,,,
8,Yiddish,NA,Ö¾×”,,,
9,Hebrew,NA,Ö¾Ö´×™×ª,,,
10,Yiddish,NA,Ö¾×•×ª,,,
11,Proto-Semitic,NA,-ay-,,,
12,Arabic,NA,Ù€ÙÙ‰,,,
13,Classical_Syriac,NA,Ù€Ü°ÜÜ³Ü,,,
14,Proto-Semitic,NA,baraá¸³-,,,
15,Akkadian,NA,ğ’‰ğ’„ˆ,,,
16,Hijazi_Arabic,NA,Ø¨Ø±Ù‚,,,
17,Maltese,NA,beraq,,,
18,Moroccan_Arabic,NA,Ø¨Ø±Ù‚,,,
19,South_Levantine_Arabic,NA,Ø¨Ø±Ù‚,,,
20,Ottoman_Turkish,NA,Ø¨Ø±Ù‚,,,
21,Persian,NA,Ø¨Ø±Ù‚,,,
22,Classical_Mandaic,NA,à¡à¡‰à¡“à¡’à¡€,,,
23,Classical_Syriac,NA,Ü’Ü±İÜªÜ©Ü³Ü,,,
24,Hebrew,NA,×‘Ö¸Ö¼×¨Ö¸×§,,,
25,Punic,NA,ğ¤ğ¤“ğ¤’,,,
26,Ugaritic,NA,ğğ—ğ–,,,
27,Old_South_Arabian,NA,ğ©¨ğ©§ğ©¤,,,
28,Amharic,NA,á‰ áˆ­á‰…,,,
29,Ge'ez,NA,á‰ áˆ­á‰…,,,
30,Tigrinya,NA,á‰ áˆ­á‰‚,,,
31,Tigre,NA,á‰ áˆ­á‰…,,,
32,Mehri,NA,bÅreq,,,
33,Shehri,NA,barq,,,
34,Soqotri,NA,barq,,,
35,Coptic,NA,â²‰â²ƒâ²£â²Ï­â²‰,,,
36,Proto-Semitic,NA,barr-,,,
37,Akkadian,NA,ğ’‰ğ’Š’ğ’Œ‘,,,
38,Arabic,NA,Ø¨ÙØ±Ù‘,,,
39,Classical_Syriac,NA,Ü’Ü±İÜªÜ´İÜ,,,
40,Hebrew,NA,×‘Ö·Ö¼×¨,,,
41,Old_South_Arabian,NA,ğ©¨ğ©§,,,
42,Tigre,NA,á‰£áˆ­,,,
43,Proto-Semitic,NA,batÅ«l-,,,
44,Turkish,NA,BetÃ¼l,,,
45,Yiddish,NA,×‘Ö°Ö¼×ª×•Ö¼×œÖ¸×”,,,
46,Aramaic,NA,×‘×ª×•×œ×ª×,,,
47,Ugaritic,NA,ğğšğğš,,,
48,Proto-Semitic,NA,bayt-,,,
49,Akkadian,NA,ğ’‚,,,
50,Egyptian_Arabic,NA,Ø¨ÙŠØª,,,
51,Gulf_Arabic,NA,Ø¨ÙŠØª,,,
52,Hijazi_Arabic,NA,Ø¨ÙŠØª,,,
53,Maltese,NA,bejt,,,
54,Moroccan_Arabic,NA,Ø¨ÙŠØª,,,
55,Moroccan_Arabic,NA,Ø¨ÙŠØª,,,
56,Azerbaijani,NA,beyt,,,
57,Malay,NA,bait,,,
58,Classical_Syriac,NA,Ü’Ü±İÜÜ¬Ü´İÜ,,,
59,Lishana_Deni,NA,×‘×™×ª×,,,
60,Mandaic,NA,à¡à¡‰à¡•,,,
61,Central_Neo-Aramaic,NA,Ü’Ü°ÜÜ¬Ü³Ü,,,
62,Sabaean,NA,ğ©¨ğ©ºğ©©,,,
63,Hebrew,NA,×‘Ö·Ö¼×™Ö´×ª,,,
64,Punic,NA,ğ¤ğ¤•,,,
65,Ugaritic,NA,ğğš,,,
66,Amharic,NA,á‰¤á‰µ,,,
67,Ge'ez,NA,á‰¤á‰µ,,,
68,Tigrinya,NA,á‰¤á‰µ,,,
69,Proto-Semitic,NA,baÊ•l-,,,
70,Akkadian,NA,ğ’‚—,,,
71,Arabic,NA,Ø¨ÙØ¹Ù’Ù„,,,
72,Classical_Syriac,NA,Ü’Ü±İÜ¥Ü Ü³Ü,,,
73,Hebrew,NA,×‘Ö·Ö¼×¢Ö·×œ,,,
74,Punic,NA,ğ¤ğ¤ğ¤‹,,,
75,Ugaritic,NA,ğğ“ğ,,,
76,Ugaritic,NA,ğ’€ğ’€ªğ’‡»,,,
77,Ugaritic,NA,[1],,,
78,Old_South_Arabian,NA,ğ©¨ğ©²ğ©¡,,,
79,Amharic,NA,á‰£áˆ,,,
80,Ge'ez,NA,á‰ á‹“áˆ,,,
81,Tigrinya,NA,á‰ á‹“áˆ,,,
82,Mehri,NA,bÄl,,,
83,Mehri,NA,abÉ›Ìli,,,
84,Shehri,NA,bÃ¡Ê•al,,,
85,Shehri,NA,bÊ•Ã©hl,,,
86,Shehri,NA,Ê”É”Ê•Åº,,,
87,Shehri,NA,Ê”É”Ì„Ê•Åº,,,
88,Shehri,NA,Ê”É”ÌÊ•É”Åº,,,
89,Soqotri,NA,baÊ•-,,,
90,Soqotri,NA,di-bÃ¡á¸¥lÊ¼e,,,
91,Soqotri,NA,bÃ¡Ê•lÊ¼hi,,,
92,Proto-Semitic,NA,baÊ•lat-,,,
93,Akkadian,NA,ğ’,,,
94,Arabic,NA,Ø¨ÙØ¹Ù’Ù„ÙØ©,,,
95,Classical_Syriac,NA,Ü’Ü±İÜ¥Ü Ü¬Ü´İÜ,,,
96,Biblical_Hebrew,NA,×‘Ö·Ö¼×¢Ö²×œÖ¸×”,,,
97,Biblical_Hebrew,NA,×‘Ö·Ö¼×¢Ö²×œÖ¸×ª,,,
98,Phoenician,NA,ğ¤ğ¤ğ¤‹ğ¤•,,,
99,Ugaritic,NA,ğğ“ğğš,,,
100,Akkadian,NA,ğ’€ğ’€ªğ’€ ğ’Œ…,,,
101,Akkadian,NA,ğ’€ğ’€ªğ’†·ğ’Œ…,,,
102,Mehri,NA,bÄlÄ«t,,,
103,Shehri,NA,ÄÊ¿lÃ©t,,,
104,Shehri,NA,baÊ¿alÃ©t,,,
105,Soqotri,NA,bÃ¡lÉ™h,,,
106,Proto-Semitic,NA,baá¹­al-,,,
107,Akkadian,NA,ğ’€ğ’•ğ’‡»ğ’Œ,,,
108,Arabic,NA,Ø¨ÙØ·ÙÙ„Ù,,,
109,Classical_Syriac,NA,Ü’Ü›Ü¶Ü ,,,
110,Hebrew,NA,×‘Ö¸Ö¼×˜Ö·×œ,,,
111,Amharic,NA,á‰ áŒ áˆˆ,,,
112,Ge'ez,NA,á‰ áŒ áˆˆ,,,
113,Proto-Semitic,NA,baá¹¯an-,,,
114,Sumerian,NA,ğ’”,,,
115,Sumerian,NA,[1],,,
116,Eblaite,NA,ğ’ˆ¤ğ’ˆ²,,,
117,Eblaite,NA,ğ’€ğ’Š­ğ’ˆ¬ğ’Œ,,,
118,Eblaite,NA,ğ’€ğ’Š­ğ’‰¡ğ’Œ,,,
119,Arabic,NA,Ø¨ÙØ«ÙÙ†,,,
120,Ancient_Greek,NA,Î²Î±Î¸Î±Î½Î·ÏÎ±Î¸Î¬Î½,,,
121,Ancient_Greek,NA,[4],,,
122,Jewish_Palestinian_Aramaic,NA,×¤×ª× ×”,,,
123,Jewish_Babylonian_Aramaic,NA,×¤Ö´×ª× Ö¸×,,,
124,Samaritan_Aramaic,NA,à à •à ,,,
125,Hebrew,NA,×¤Ö¶Ö¼×ªÖ¶×Ÿ,,,
126,Hebrew,NA,[5],,,
127,Hebrew,NA,×‘Ö¸Ö¼×©Ö¸××Ÿ,,,
128,Ugaritic,NA,ğğ˜ğ,,,
129,Inor,NA,á‰¡á‰µá‹¨áˆ›á‰³,,,
130,Chaha,NA,á‰¡á‰µá‹«áˆ›á‰µ,,,
131,Ezha,NA,á‰¡á‰µá‹«áˆ›á‰µ,,,
132,Gyeto,NA,á‰¡á‰µá‹¨áˆ›á‰³,,,
133,Muher,NA,á‰¡á‰µá‹«áˆ›á‰µ,,,
134,Proto-Semitic,NA,bin-,,,
135,Akkadian,NA,ğ’‰ğ’‰,,,
136,Hijazi_Arabic,NA,Ø§Ø¨Ù†,,,
137,Maltese,NA,iben,,,
138,Moroccan_Arabic,NA,Ø¨Ù†,,,
139,Classical_Syriac,NA,Ü’İÜªÜ³Ü,,,
140,Ammonite,NA,ğ¤ğ¤,,,
141,Edomite,NA,ğ¤ğ¤,,,
142,Hebrew,NA,×‘ÖµÖ¼×Ÿ,,,
143,Hebrew,NA,à à  â€à ,,,
144,Moabite,NA,ğ¤ğ¤,,,
145,Punic,NA,ğ¤ğ¤,,,
146,Ugaritic,NA,ğğ,,,
147,Proto-Semitic,NA,bint-,,,
148,Akkadian,NA,ğ’‰ğ’…”ğ’Œˆ,,,
149,Maltese,NA,bint,,,
150,Swahili,NA,binti,,,
151,Hebrew,NA,×‘Ö·Ö¼×ª,,,
152,Hebrew,NA,×‘Ö¸Ö¼× ×•Ö¹×ª,,,
153,Ugaritic,NA,ğğš,,,
154,Old_South_Arabian,NA,ğ©¨ğ©¬ğ©©,,,
155,Proto-Semitic,NA,birk-,,,
156,Akkadian,NA,ğ’„­,,,
157,Maltese,NA,birek,,,
158,Classical_Syriac,NA,Ü’Ü¾İÜ˜ÜªÜŸÜ´İÜ,,,
159,Hebrew,NA,×‘Ö¶Ö¼×¨Ö¶×šÖ°,,,
160,Ugaritic,NA,ğğ—ğ‹,,,
161,Amharic,NA,á‰¥áˆ­áŠ­,,,
162,Ge'ez,NA,á‰¥áˆ­áŠ­,,,
163,Tigrinya,NA,á‰¥áˆ­áŠª,,,
164,Soqotri,NA,Ø¨Ø±Ùƒ,,,
165,Proto-Semitic,NA,biÊ”r-,,,
166,Akkadian,NA,ğ’ğ’Œ¨ğ’‹¾,,,
167,Arabic,NA,Ø¨ÙØ¦Ù’Ø±,,,
168,Classical_Syriac,NA,Ü’İÜÜ¶ÜªÜ°Ü,,,
169,Hebrew,NA,×‘Ö°Ö¼×Öµ×¨,,,
170,Ugaritic,NA,ğğ›ğ—,,,
171,Proto-Semitic,NA,bV-,,,
172,fossiziled_perhaps_Akkadian,NA,ğ’……,,,
173,fossiziled_perhaps_Akkadian,NA,ğ’‰ğ’Š‘,,,
174,fossiziled_perhaps_Akkadian,NA,ğ’€ğ’Š‘,,,
175,fossiziled_perhaps_Akkadian,NA,Proto-West Semitic,,,
176,fossiziled_perhaps_Akkadian,NA,*bayna,,,
177,fossiziled_perhaps_Akkadian,NA,ğ’€€ğ’ˆ¾,,,
178,fossiziled_perhaps_Akkadian,NA,ğ’„¿ğ’ˆ¾,,,
179,fossiziled_perhaps_Akkadian,NA,ğ’€ğ’‡»,,,
180,fossiziled_perhaps_Akkadian,NA,ğ’€ğ’†·,,,
181,fossiziled_perhaps_Akkadian,NA,ğ’€ğ’€ ,,,
182,Arabic,NA,Ø¨ÙÙ€,,,
183,Classical_Syriac,NA,Ü’-,,,
184,Hebrew,NA,×‘Ö°Ö¼Ö¾,,,
185,Punic,NA,ğ¤,,,
186,Punic,NA,ğ¤ğ¤‰,,,
187,Punic,NA,ğ¤€ğ¤,,,
188,Punic,NA,ef-,,,
189,Ugaritic,NA,ğ,,,
190,Hadrami,NA,-ğ©¨,,,
191,Minaean,NA,-ğ©¨,,,
192,Qatabanian,NA,-ğ©¨,,,
193,Sabaean,NA,-ğ©¨,,,
194,Ge'ez,NA,á‰ -,,,
195,Tigre,NA,á‰¥-,,,
196,Tigre,NA,áŠ¥á‰¥,,,
197,Tigre,NA,á‰¡-,,,
198,Tigrinya,NA,á‰¥-,,,
199,Tigrinya,NA,áŠ á‰¥,,,
200,Amharic,NA,á‰ -,,,
201,Amharic,NA,á‰¥-,,,
202,Amharic,NA,á‰¢-,,,
203,Harari,NA,-á‰¤,,,
204,Gurage,NA,á‰ -,,,
205,Proto-Semitic,NA,bÅ«á¹£-,,,
206,Akkadian,NA,ğ’ğ’Œ‹ğ’‹—,,,
207,Arabic,NA,Ø¨ÙÙˆØµ,,,
208,Classical_Syriac,NA,Ü’Ü¾İÜ˜Ü¨Ü³Ü,,,
209,Ge'ez,NA,á‰¢áˆµáŠ•áˆ¶,,,
210,Tigrinya,NA,á‰¢áˆ¶,,,
211,Gothic,NA,ğŒ±ğ…ğƒğƒğŒ°ğŒ¿ğŒ½,,,
212,Gothic,NA,bwssaun,,,
213,Translingual,NA,Byssus,,,
214,Armenian,NA,Õ¢Õ¥Õ°Õ¥Õ¦,,,
215,Old_Georgian,NA,áƒ–áƒ”áƒ”áƒ–áƒ˜,,,
216,Old_Georgian,NA,áƒ–áƒ”áƒ°áƒ”áƒ–áƒ˜,,,
217,Old_Georgian,NA,áƒ–áƒ”áƒšáƒ”áƒ–áƒ˜,,,
218,Old_Georgian,NA,áƒ–áƒ”áƒ–áƒ˜,,,
219,Ottoman_Turkish,NA,Ø¨ÙˆØºØ§Ø³ÛŒ,,,
220,Ottoman_Turkish,NA,Ø¨ÙˆØºØ§ØµÛŒ,,,
221,Ottoman_Turkish,NA,Ø¨ÙˆØ­Ø§Ø³ÛŒ,,,
222,Uyghur,NA,bÃ¶z,,,
223,Proto-Semitic,NA,dalt-,,,
224,Akkadian,NA,ğ’„‘ğ’……,,,
225,Jewish_Palestinian_Aramaic,NA,×“Ö·Ö¼×œÖ°×ªÖ¸×,,,
226,Classical_Syriac,NA,ÜÜ³Ü•İ‚Ü Ü³Ü¬İ‚Ü³Ü,,,
227,Hebrew,NA,×“Ö¶Ö¼×œÖ¶×ª,,,
228,Ugaritic,NA,ğ„ğğš,,,
229,Proto-Semitic,NA,dam-,,,
230,Akkadian,NA,ğ’,,,
231,Hijazi_Arabic,NA,Ø¯ÙÙ…Ù‘,,,
232,Maltese,NA,demm,,,
233,Moroccan_Arabic,NA,Ø¯Ù…,,,
234,Indonesian,NA,dam,,,
235,Swahili,NA,damu,,,
236,Classical_Syriac,NA,Ü•İÜ¡Ü³Ü,,,
237,Hebrew,NA,×“Ö¸Ö¼×,,,
238,Punic,NA,ğ¤ƒğ¤Œ,,,
239,Ugaritic,NA,ğ„ğ,,,
240,Old_South_Arabian,NA,ğ©µğ©£,,,
241,Sabaean,NA,ğ©µğ©£,,,
242,Amharic,NA,á‹°áˆ,,,
243,Ge'ez,NA,á‹°áˆ,,,
244,Harari,NA,á‹°áˆ,,,
245,Tigrinya,NA,á‹°áˆ,,,
246,Tigre,NA,á‹°áˆ,,,
247,Proto-Semitic,NA,daá¹¯Ê”-,,,
248,Akkadian,NA,ğ’Œ‘ğ’‡·ğ’€€ğ’Š¬,,,
249,Arabic,NA,Ø«ÙØ¯ÙÙ‘Ø§Ø¡,,,
250,Arabic,NA,Cyperus conglomeratus,,,
251,Jewish_Literary_Aramaic,NA,×“Ö´Ö¼×ªÖ°×Ö¸×”,,,
252,Classical_Syriac,NA,Ü¬Ü±İÜ•ÜÜ³Ü,,,
253,Hebrew,NA,×“Ö¸Ö¼×©Ö¸××,,,
254,Hebrew,NA,sprout,,,
255,Hebrew,NA,grow,,,
256,Arabic,NA,Ø¯ÙÙŠØ³,,,
257,Arabic,NA,rush,,,
258,Arabic,NA,Juncus,,,
259,Arabic,NA,club-rush,,,
260,Arabic,NA,Scirpus,,,
261,Arabic,NA,rope grass,,,
262,Arabic,NA,Ampelodesmos mauritanicus,,,
263,Proto-Semitic,NA,dubb-,,,
264,Akkadian,NA,ğ’•ğ’ğ’Œ,,,
265,Gulf_Arabic,NA,Ø¯Ø¨,,,
266,Maltese,NA,debb,,,
267,Moroccan_Arabic,NA,Ø¯Ø¨,,,
268,Swahili,NA,dubu,,,
269,Aramaic,NA,×“Ö¹Ö¼×‘,,,
270,Aramaic,NA,Ü•Ü·İÜ’Ü´İÜ,,,
271,Aramaic,NA,ğ¡ƒğ¡ğ¡,,,
272,Aramaic,NA,×“Ö¼×•Ö¼×‘Ö¸Ö¼×,,,
273,Aramaic,NA,×“Ö¼×•Ö¼×‘Ö¸Ö¼×,,,
274,Aramaic,NA,×“Ö¼×•Ö¼×‘Ö¼,,,
275,Hebrew,NA,×“Ö¹Ö¼×‘,,,
276,Ugaritic,NA,ğ„ğ,,,
277,Amharic,NA,á‹µá‰¥,,,
278,Ge'ez,NA,á‹µá‰¥,,,
279,Tigre,NA,á‹µá‰¥,,,
280,Tigrinya,NA,á‹µá‰¢,,,
281,Proto-Semitic,NA,ganb-,,,
282,Akkadian,NA,gabbum,,,
283,Hijazi_Arabic,NA,Ø¬ÙÙ†Ù’Ø¨,,,
284,Classical_Syriac,NA,Ü“Ü°Ü’Ü´İÜ,,,
285,Hebrew,NA,×’Ö·Ö¼×‘,,,
286,Ugaritic,NA,ğ‚ğ,,,
287,Ge'ez,NA,áŒˆá‰¦,,,
288,Tigre,NA,áŒˆá‰¦,,,
289,Tigre,NA,áŠ áŠ•áŒˆá‰¥,,,
290,Tigrinya,NA,áŒá‰¦,,,
291,Inor,NA,áŒ‰á,,,
292,Gyeto,NA,áŒ•á,,,
293,Mehri,NA,ganb,,,
294,Harsusi,NA,yanb,,,
295,Shehri,NA,ganb,,,
296,Proto-Semitic,NA,habat-,,,
297,Akkadian,NA,ğ’„¢,,,
298,Arabic,NA,Ù‡ÙØ¨ÙØªÙ,,,
299,Hebrew,NA,×—Ö¸×‘Ö·×˜,,,
300,Proto-Semitic,NA,hadad-,,,
301,Akkadian,NA,ğ’€œğ’ºğ’Œ,,,
302,Arabic,NA,Ù‡ÙØ§Ø¯ÙÙ‘Ø©,,,
303,Ugaritic,NA,ğ…ğ„,,,
304,Tigrinya,NA,áˆƒá‹°á‹°,,,
305,Tigre,NA,áˆƒá‹±á‹µ,,,
306,Tigre,NA,áˆ…á‹±á‹µ,,,
307,Mehri,NA,hÉ™d,,,
308,Shehri,NA,hid,,,
309,Soqotri,NA,Å¡ed,,,
310,Proto-Semitic,NA,halak-,,,
311,Akkadian,NA,ğ’º,,,
312,Bengali,NA,à¦¹à¦¾à¦²à¦¾à¦•,,,
313,Classical_Syriac,NA,Ü—Ü Ü¶ÜŸ,,,
314,Hebrew,NA,×”Ö¸×œÖ·×šÖ°,,,
315,Ugaritic,NA,ğ…ğğ‹,,,
316,Proto-Semitic,NA,-iÅ¡,,,
317,Akkadian,NA,-iÅ¡,,,
318,Hebrew,NA,Ö¾Ö¸×”,,,
319,Ugaritic,NA,-ğ…,,,
320,Ge'ez,NA,-áˆ„,,,
321,Proto-Semitic,NA,kabid-,,,
322,Akkadian,NA,ğ’…—ğ’ğ’Œˆ,,,
323,Arabic,NA,ÙƒÙØ¨ÙØ¯,,,
324,Arabic,NA,ÙƒÙØ¨Ù’Ø¯,,,
325,Jewish_Babylonian_Aramaic,NA,×›Ö·Ö¼×‘×“Ö¸Ö¼×,,,
326,Classical_Syriac,NA,ÜŸÜ±İÜ’Ü•Ü´İÜ,,,
327,Hebrew,NA,×›Ö¸Ö¼×‘Öµ×“,,,
328,Ugaritic,NA,ğ‹ğğ„,,,
329,Amharic,NA,áˆ†á‹µ,,,
330,Ge'ez,NA,áŠ¨á‰¥á‹µ,,,
331,Tigrinya,NA,áŠ¨á‰¥á‹²,,,
332,Proto-Semitic,NA,kabkab-,,,
333,Akkadian,NA,ğ’€¯,,,
334,Eblaite,NA,ğ’†•ğ’…—ğ’,,,
335,Maltese,NA,kewkba,,,
336,Moroccan_Arabic,NA,ÙƒÙˆÙƒØ¨,,,
337,Hindustani,NA,Ú©ÙÙˆÚ©ÙØ¨,,,
338,Classical_Mandaic,NA,à¡Šà¡…à¡Šà¡,,,
339,Classical_Syriac,NA,ÜŸÜ±İÜ˜ÜŸİÜ’Ü³Ü,,,
340,Hebrew,NA,×›Ö¼×•Ö¹×›Ö¸×‘,,,
341,Phoenician,NA,ğ¤Šğ¤Šğ¤,,,
342,Phoenician,NA,ğ¤Šğ¤ğ¤Šğ¤,,,
343,Ugaritic,NA,ğ‹ğğ‹ğ,,,
344,Old_South_Arabian,NA,ğ©«ğ©¥ğ©«ğ©¨,,,
345,Amharic,NA,áŠ®áŠ¨á‰¥,,,
346,Ge'ez,NA,áŠ®áŠ¨á‰¥,,,
347,Tigrinya,NA,á‹ƒáŠ¾á‰¥,,,
348,Mehri,NA,kabkÄ«b,,,
349,Shehri,NA,kebkeb,,,
350,Shehri,NA,kobkob,,,
351,Soqotri,NA,kebkeb,,,
352,Soqotri,NA,kobkob,,,
353,Proto-Semitic,NA,kalb-,,,
354,Akkadian,NA,ğ’Œ¨,,,
355,Gulf_Arabic,NA,Ú†ÙÙ„Ù’Ø¨,,,
356,Gulf_Arabic,NA,Ø¬ÙÙ„Ù’Ø¨,,,
357,Maltese,NA,kelb,,,
358,Moroccan_Arabic,NA,ÙƒÙ„Ø¨,,,
359,Gujarati,NA,àª•àª²à«àª¬,,,
360,Ottoman_Turkish,NA,ÙƒÙ„Ø¨,,,
361,Swahili,NA,kelbu,,,
362,Classical_Syriac,NA,ÜŸÜ±İÜ Ü’Ü´İÜ,,,
363,Hebrew,NA,×›Ö¶Ö¼×œÖ¶×‘,,,
364,Phoenician,NA,ğ¤Šğ¤‹ğ¤,,,
365,Ugaritic,NA,ğ‹ğğ,,,
366,Sabaean,NA,ğ©«ğ©¡ğ©¨,,,
367,Hadramautic,NA,ğ©«ğ©¡ğ©¨,,,
368,Amharic,NA,áŠ¨áˆá‰¥,,,
369,Ge'ez,NA,áŠ¨áˆá‰¥,,,
370,Tigre,NA,áŠ¨áˆá‰¥,,,
371,Tigrinya,NA,áŠ¨áˆá‰¢,,,
372,Mehri,NA,ÙƒÙÙˆØ¨,,,
373,Proto-Semitic,NA,kanap-,,,
374,Akkadian,NA,ğ’‰º,,,
375,Arabic,NA,ÙƒÙÙ†ÙÙ,,,
376,Classical_Syriac,NA,ÜŸÜ·İÜ¢Ü¦Ü³Ü,,,
377,Hebrew,NA,×›Ö¸Ö¼× Ö¸×£,,,
378,Ugaritic,NA,ğ‹ğğ”,,,
379,Amharic,NA,áŠ­áŠ•á,,,
380,Ge'ez,NA,áŠ­áŠ•á,,,
381,Proto-Semitic,NA,kapp-,,,
382,Akkadian,NA,ğ’€‰,,,
383,Gulf_Arabic,NA,Ú†ÙÙ,,,
384,Maltese,NA,keff,,,
385,Moroccan_Arabic,NA,ÙƒÙ,,,
386,Classical_Persian,NA,Ú©ÙÙÙ‘,,,
387,Classical_Syriac,NA,ÜŸÜ±İÜ¦Ü´İÜ,,,
388,Ge'ez,NA,áŠ«á,,,
389,Ugaritic,NA,ğ‹ğ”,,,
390,Proto-Semitic,NA,kariÅ›-,,,
391,Akkadian,NA,ğ’œğ’Š®,,,
392,Gulf_Arabic,NA,ÙƒÙØ±Ù’Ø´,,,
393,Maltese,NA,kirxa,,,
394,Aramaic,NA,ÜŸÜ±İÜªÜ£Ü³Ü,,,
395,Aramaic,NA,×›Ö·Ö¼×¨Ö°×¡Ö¸×,,,
396,Hebrew,NA,×›Ö¸Ö¼×¨Öµ×©×‚,,,
397,Hebrew,NA,×›Ö¶Ö¼×¨Ö¶×¡,,,
398,Ugaritic,NA,ğ‹ğ—ğ’,,,
399,Ge'ez,NA,áŠ¨áˆ­áˆ¥,,,
400,Proto-Semitic,NA,kawan-,,,
401,Akkadian,NA,ğ’„€,,,
402,Arabic,NA,ÙƒÙØ§Ù†Ù,,,
403,Ge'ez,NA,áŠ®áŠ,,,
404,Proto-Semitic,NA,kaÊ”s-,,,
405,Akkadian,NA,ğ’ƒ²,,,
406,Eblaite,NA,ğ’„€ğ’‹—,,,
407,Hittite,NA,ğ’‚µğ’€€ğ’£,,,
408,Hurrian,NA,ğ’…—ğ’ª,,,
409,Arabic,NA,ÙƒÙØ£Ù’Ø³,,,
410,Classical_Syriac,NA,ÜŸÜ´İÜ£Ü³Ü,,,
411,Hebrew,NA,×›Ö¼×•Ö¹×¡,,,
412,Phoenician,NA,ğ¤Šğ¤,,,
413,Ugaritic,NA,ğ‹ğ’,,,
414,Proto-Semitic,NA,kinnÄr-,,,
415,Neo-Babylonian,NA,ğ’† ğ’…”ğ’ˆ¾ğ’Š’,,,
416,Eblaite,NA,ğ’„€ğ’ˆ¾ğ’‚—ğ’Œ,,,
417,Eblaite,NA,ğ’„€ğ’ˆ¾ğ’Š’,,,
418,Arabic,NA,ÙƒÙÙ†ÙÙ‘Ø§Ø±ÙØ©,,,
419,Mandaic,NA,à¡Šà¡‰à¡à¡€à¡“,,,
420,Mandaic,NA,à¡Šà¡‰à¡à¡€à¡“à¡€,,,
421,Armenian,NA,Ö„Õ¶Õ¡Ö€,,,
422,Georgian,NA,áƒ¥áƒœáƒáƒ áƒ˜,,,
423,Sanskrit,NA,à¤•à¤¿à¤‚à¤¨à¤°à¤¾,,,
424,Sanskrit,NA,à¤•à¤¿à¤¨à¥à¤¨à¤°,,,
425,Coptic,NA,â²•â²“â²›â²‰â²£â²,,,
426,Italian,NA,cinira,,,
427,Italian,NA,kinnor,,,
428,Ugaritic,NA,ğ‹ğğ—,,,
429,Ugaritic,NA,ğ’€­ğ’„‘ğ’† ğ’ˆ¾ğ’€¸,,,
430,Amharic,NA,áŠ­áˆ«áˆ­,,,
431,Amharic,NA,áŠ¨áˆ«áˆ­,,,
432,Ge'ez,NA,áŠ¨áˆ°áˆ¨,,,
433,Parthian,NA,ğ«¢ğ«—ğ«—ğ«ƒ,,,
434,Arabic,NA,Ø¬ÙÙ†Ù’Ùƒ,,,
435,Arabic,NA,Ø¬ÙÙ†Ù’Ùƒ,,,
436,Azerbaijani,NA,Ã§É™ng,,,
437,Burmese,NA,á€…á€±á€¬á€„á€ºá€¸,,,
438,Georgian,NA,áƒ©áƒáƒœáƒ’áƒ˜,,,
439,Pashto,NA,Ú†Ù†Ú¯,,,
440,Turkish,NA,Ã§enk,,,
441,Turkish,NA,Ã§eng,,,
442,Arabic,NA,ØµÙÙ†Ù’Ø¬,,,
443,Sogdian,NA,[4],,,
444,Sogdian,NA,ğ«ğ«ğ«—ğ«ƒğ«¡ğ«ğ«€,,,
445,Sogdian,NA,ğ«ğ«—ğ«ƒğ«¡ğ«ğ«€,,,
446,Proto-Semitic,NA,labiÊ”-,,,
447,Akkadian,NA,ğ’†·ğ’ğ’Œ,,,
448,Eblaite,NA,ğ’ŠŠ,,,
449,Arabic,NA,Ù„ÙØ¨ÙØ¤ÙØ©,,,
450,Amorite,NA,ğ’†·ğ’€,,,
451,Amorite,NA,ğ’†·ğ’€ğ’€€,,,
452,Imperial_Aramaic,NA,ğ¡‹ğ¡ğ¡€,,,
453,Hebrew,NA,×œÖ¸×‘Ö´×™×,,,
454,Coptic,NA,â²—â²â²ƒâ²Ÿ,,,
455,Egyptian,NA,rbw,,,
456,Ugaritic,NA,ğğğœ,,,
457,Sabaean,NA,ğ©¡ğ©¨ğ©±,,,
458,Proto-Semitic,NA,lapt-,,,
459,Akkadian,NA,ğ’‡»ğ’Š¬,,,
460,Arabic,NA,Ù„ÙÙÙ’Øª,,,
461,Classical_Syriac,NA,Ü Ü°Ü¦Ü¬Ü³Ü,,,
462,Classical_Syriac,NA,Ü Ü¶Ü¦Ü¬Ü³Ü,,,
463,Classical_Syriac,NA,Ü Ü¦Ü¶Ü¬,,,
464,Hebrew,NA,×œÖ¶×¤Ö¶×ª,,,
465,Proto-Semitic,NA,lawaá¹¯-,,,
466,Akkadian,NA,ğ’‹ƒ,,,
467,Arabic,NA,Ù„ÙØ§Ø«Ù,,,
468,Classical_Mandaic,NA,à¡‹à¡…à¡”,,,
469,Classical_Syriac,NA,Ü Ü³Ü«,,,
470,Hebrew,NA,×œÖ¸×©×,,,
471,Ugaritic,NA,ğğŒ,,,
472,Amharic,NA,áˆˆá‹ˆáˆ°,,,
473,Ge'ez,NA,áˆáˆ°,,,
474,Tigrinya,NA,áˆˆá‹ˆáˆ°,,,
475,Proto-Semitic,NA,laylay-,,,
476,Akkadian,NA,ğ’‡·ğ’ˆ,,,
477,Akkadian,NA,ğ’†¥ğ’‹,,,
478,Akkadian,NA,ğ’‡·ğ’‡²,,,
479,Akkadian,NA,ğ’‡·ğ’‚–,,,
480,Egyptian_Arabic,NA,Ù„ÙŠÙ„,,,
481,Egyptian_Arabic,NA,Ù„ÙŠÙ„Ø©,,,
482,Maltese,NA,lejl,,,
483,Moroccan_Arabic,NA,Ù„ÙŠÙ„,,,
484,Moroccan_Arabic,NA,Ù„ÙŠÙ„Ø©,,,
485,Classical_Syriac,NA,Ü Ü¶Ü ÜÜ³Ü,,,
486,Classical_Syriac,NA,Ü ÜÜ Ü,,,
487,Hebrew,NA,×œÖ·×™Ö´×œ,,,
488,Hebrew,NA,×œÖ·×™Ö°×œÖ¸×”,,,
489,Phoenician,NA,ğ¤‹ğ¤‹,,,
490,Ugaritic,NA,ğğ,,,
491,Sabaean,NA,ğ©¡ğ©¡ğ©º,,,
492,Sabaean,NA,ğ©¡ğ©ºğ©¡ğ©º,,,
493,Qatabanian,NA,ğ©¡ğ©ºğ©¡,,,
494,Amharic,NA,áˆŒá‰µ,,,
495,Amharic,NA,áˆŒáˆŠá‰µ,,,
496,Ge'ez,NA,áˆŒáˆŠá‰µ,,,
497,Harari,NA,áˆˆá‹­áˆŠ,,,
498,Tigre,NA,áˆ‹áˆŠ,,,
499,Tigrinya,NA,áˆˆá‹­á‰²,,,
500,Proto-Semitic,NA,libb-,,,
501,Akkadian,NA,ğ’Š®,,,
502,Eblaite,NA,ğ’‡·ğ’…¤,,,
503,Arabic,NA,Ù„ÙØ¨Ù‘,,,
504,Classical_Syriac,NA,Ü Ü¶Ü’Ü´İÜ,,,
505,Hebrew,NA,×œÖµ×‘,,,
506,Hebrew,NA,×œÖµ×‘Ö¸×‘,,,
507,Phoenician,NA,ğ¤‹ğ¤,,,
508,Ugaritic,NA,ğğ,,,
509,Sabaean,NA,ğ©¡ğ©¨,,,
510,Sabaean,NA,ğ©¡ğ©¨ğ©¨,,,
511,Minaean,NA,ğ©¡ğ©¨,,,
512,Ge'ez,NA,áˆá‰¥,,,
513,Amharic,NA,áˆá‰¥,,,
514,Tigre,NA,áˆá‰¥,,,
515,Tigrinya,NA,áˆá‰¢,,,
516,Proto-Semitic,NA,liÅ¡Än-,,,
517,Proto-Semitic,NA,lV-,,,
518,,NA,lapÄn,,,
519,Arabic,NA,Ù„ÙÙ€,,,
520,Arabic,NA,Ù„ÙÙ€,,,
521,Classical_Syriac,NA,Ü -,,,
522,Hebrew,NA,"×œÖ°Ö¾, ×œÖ¾, ×œÖ´Ö¾, ×œÖ·Ö¾, ×œÖ¶Ö¾, ×œÖ¸Ö¾",,,
523,Hebrew,NA,×Ö¶×œ,,,
524,Phoenician,NA,ğ¤€ğ¤‹,,,
525,Ugaritic,NA,ğ,,,
526,Akkadian,NA,la,,,
527,Hadrami,NA,-ğ©¡,,,
528,Minaean,NA,-ğ©¡,,,
529,Qatabanian,NA,-ğ©¡,,,
530,Sabaean,NA,-ğ©¡,,,
531,Mehri,NA,l-,,,
532,Shehri,NA,l-,,,
533,Soqotri,NA,le,,,
534,Ge'ez,NA,áˆˆ-,,,
535,Tigre,NA,áŠ¥áˆ,,,
536,Tigre,NA,áˆˆá‹áˆ,,,
537,Tigrinya,NA,áˆ-,,,
538,Tigrinya,NA,-áˆ,,,
539,Tigrinya,NA,áˆ‹á‹•áˆŠ,,,
540,Amharic,NA,áˆˆ-,,,
541,Harari,NA,-áˆŒ,,,
542,Proto-Semitic,NA,lÄ,,,
543,Akkadian,NA,ğ’†·ğ’€€,,,
544,Gulf_Arabic,NA,Ù„ÙØ£Ù’,,,
545,Gulf_Arabic,NA,Ù„Ø§,,,
546,South_Levantine_Arabic,NA,Ù„Ø£,,,
547,South_Levantine_Arabic,NA,Ù„Ø§,,,
548,Maltese,NA,la,,,
549,Maltese,NA,le,,,
550,Swahili,NA,la,,,
551,Mandaic,NA,à¡‹à¡€,,,
552,Classical_Syriac,NA,Ü Ü³Ü,,,
553,Hebrew,NA,×œÖ¹×,,,
554,Phoenician,NA,ğ¤‹ğ¤€,,,
555,Ugaritic,NA,ğ,,,
556,Mehri,NA,Ù„ÙØ£,,,
557,Proto-Semitic,NA,malk-,,,
558,Akkadian,NA,ğ’ˆ ğ’€ ğ’†ªğ’Œ,,,
559,Gulf_Arabic,NA,Ù…ÙÙ„ÙÙƒ,,,
560,Armenian,NA,Õ´Õ¥Õ¬Õ«Ö„,,,
561,Maranao,NA,malik,,,
562,Iranian_Persian,NA,Ù…Ù„Ú©,,,
563,Tajik,NA,Ğ¼Ğ°Ğ»Ğ¸Ğº,,,
564,Indonesian,NA,malik,,,
565,Sanskrit,NA,à¤®à¤²à¤¿à¤•,,,
566,Turkish,NA,melik,,,
567,Serbo-Croatian,NA,mÃ¨lik,,,
568,Serbo-Croatian,NA,Ğ¼ÑĞ»Ğ¸Ğº,,,
569,Mandaic,NA,à¡Œà¡€à¡‹à¡Šà¡€,,,
570,Classical_Syriac,NA,Ü¡Ü°Ü ÜŸÜ´İÜ,,,
571,Ammonite,NA,ğ¤Œğ¤‹ğ¤Š,,,
572,Hebrew,NA,×Ö¶×œÖ¶×šÖ°,,,
573,Moabite,NA,ğ¤Œğ¤‹ğ¤Š,,,
574,Phoenician,NA,ğ¤Œğ¤‹ğ¤Š,,,
575,Ugaritic,NA,ğğğ‹,,,
576,Minaean,NA,ğ©£ğ©¡ğ©«,,,
577,Sabaean,NA,ğ©£ğ©¡ğ©«,,,
578,Qatabanian,NA,ğ©£ğ©¡ğ©«,,,
579,Safaitic,NA,ğªƒğªğª‹,,,
580,Amharic,NA,áŠ áˆáˆ‹áŠ­,,,
581,Ge'ez,NA,áŠ áˆáˆ‹áŠ­,,,
582,Proto-Semitic,NA,mataá¸³-,,,
583,Akkadian,NA,ğ’ˆ ğ’‹«ğ’„£,,,
584,Aramaic,NA,××ª×§,,,
585,Hebrew,NA,××ª×§,,,
586,Ge'ez,NA,áˆ˜á‰°á‰€,,,
587,Proto-Semitic,NA,matá¸³-,,,
588,Hittite,NA,ğ’ƒ»ğ’†¸ğ’Šğ’†¯ğ’†¯,,,
589,Hittite,NA,[1],,,
590,Luwian,NA,ğ’ˆªğ’€‰ğ’‚µğ’„¿ğ’ˆª,,,
591,Hebrew,NA,×Ö¹×ªÖ¶×§,,,
592,Hebrew,NA,×Ö¶×ªÖ¶×§,,,
593,Ge'ez,NA,áˆ˜á‰°á‰€,,,
594,Proto-Semitic,NA,mawut-,,,
595,Akkadian,NA,ğ’,,,
596,Arabic,NA,Ù…ÙØ§ØªÙ,,,
597,Classical_Syriac,NA,Ü¡ÜºÜÜ¬,,,
598,Hebrew,NA,×Öµ×ª,,,
599,Ugaritic,NA,ğğš,,,
600,Sabaean,NA,ğ©£ğ©¥ğ©©,,,
601,Safaitic,NA,ğªƒğªšğª‰,,,
602,Ge'ez,NA,áˆá‰°,,,
603,Tigre,NA,áˆá‰°,,,
604,Tigrinya,NA,áˆá‰°,,,
605,Amharic,NA,áˆá‰°,,,
606,Harari,NA,áˆá‰³,,,
607,Mehri,NA,mÅt,,,
608,Proto-Semitic,NA,may-,,,
609,Proto-Semitic,NA,maÅ¡k-,,,
610,Akkadian,NA,ğ’‹¢,,,
611,Arabic,NA,Ù…ÙØ³Ù’Ùƒ,,,
612,Classical_Mandaic,NA,à¡Œà¡‰à¡”à¡Šà¡€,,,
613,Classical_Mandaic,NA,à¡Œà¡€à¡”à¡Šà¡€,,,
614,Modern_Aramaic,NA,Ü¡Ü«ÜŸÜ,,,
615,Modern_Aramaic,NA,Ü¡Ü«ÜŸÜ,,,
616,Classical_Syriac,NA,Ü¡Ü¶Ü«ÜŸÜ´İÜ,,,
617,Ancient_Greek,NA,Î¼Î­ÏƒÎºÎ¿Ï‚,,,
618,Armenian,NA,Õ´Õ¡Õ·Õ¯,,,
619,Cappadocian_Greek,NA,Î¼Î¬ÏƒÎºÎ¹,,,
620,Old_Georgian,NA,áƒ›áƒáƒ¨áƒ™áƒ˜,,,
621,Romani,NA,maski,,,
622,Chagatai,NA,Ù…Ø´Ùƒ,,,
623,Chagatai,NA,Ù…Ø´ÛŒÙƒ,,,
624,Ottoman_Turkish,NA,Ù…Ø´Ùƒ,,,
625,Hebrew,NA,×Ö¶×©Ö¶××šÖ°,,,
626,Proto-Semitic,NA,min,,,
627,Arabic,NA,Ù…ÙÙ†,,,
628,Arabic,NA,Ù…ÙÙ†Ù,,,
629,Classical_Syriac,NA,Ü¡ÜºÜ¢,,,
630,Hebrew,NA,×Ö´×Ÿ,,,
631,Punic,NA,ğ¤Œğ¤,,,
632,Punic,NA,ğ¤Œ-,,,
633,Punic,NA,my-,,,
634,Sabaean,NA,ğ©£ğ©¬,,,
635,Sabaean,NA,Haram,,,
636,Safaitic,NA,ğªƒğªŒ,,,
637,Safaitic,NA,ğªƒ-,,,
638,Ge'ez,NA,áŠ¥áˆ,,,
639,Ge'ez,NA,áŠ¥áˆáŠ,,,
640,Tigre,NA,áˆáŠ•,,,
641,Amharic,NA,áˆáŠ•,,,
642,Proto-Semitic,NA,miÊ”at-,,,
643,Akkadian,NA,ğ’ˆ¨ğ’€œ,,,
644,Akkadian,NA,ğ’ˆ ğ’€œ,,,
645,Akkadian,NA,ğ’ˆ¨ğ’‚Š,,,
646,Akkadian,NA,ğ’ˆ¨ğ’Œˆ,,,
647,Gulf_Arabic,NA,Ø§Ù…ÙŠØ©,,,
648,Egyptian_Arabic,NA,Ù…ÙŠØ©,,,
649,Hijazi_Arabic,NA,Ù…ÙŠØ©,,,
650,South_Levantine_Arabic,NA,Ù…ÙŠØ©,,,
651,Maltese,NA,mija,,,
652,Central_Atlas_Tamazight,NA,âµâµ¢â´°,,,
653,Swahili,NA,mia,,,
654,Classical_Syriac,NA,Ü¡ÜÜ¶Ü,,,
655,Classical_Syriac,NA,Ü¡Ü³ÜÜ¬Ü³Ü,,,
656,Dutch,NA,meier,,,
657,Amharic,NA,áˆ˜á‰¶,,,
658,Tigrinya,NA,áˆšáŠ¥á‰²,,,
659,Proto-Semitic,NA,miÊ•ay-,,,
660,Akkadian,NA,ğ’Œ,,,
661,Akkadian,NA,ğ’ˆ¬ğ’Œ‘ğ’Œˆ,,,
662,Arabic,NA,Ù…ÙØ¹Ù‹Ù‰,,,
663,Arabic,NA,Ù…ÙØ¹Ù‹Ù‰,,,
664,Arabic,NA,Ù…ÙØ¹Ù’ÙŠ,,,
665,Arabic,NA,Ù…ÙØ¹ÙØ§Ø¡,,,
666,Aramaic,NA,×Ö°×¢Ö¸×,,,
667,Aramaic,NA,Ü¡Ü°Ü¥ÜÜ³Ü,,,
668,Aramaic,NA,etc.,,,
669,Aramaic,NA,Ü¡Ü¥Ü½Ü˜Ü¬Ü³Ü,,,
670,Aramaic,NA,absolute state,,,
671,Aramaic,NA,×Ö·×¢Ö°×™Ö¸× Ö¸×,,,
672,Hebrew,NA,×Öµ×¢Ö¶×”,,,
673,Hebrew,NA,×Ö·×¢Ö°×™Ö¸×Ÿ,,,
674,Hebrew,NA,×Öµ×¢Ö´×™×,,,
675,Hebrew,NA,×Öµ×¢Ö·×™Ö´×,,,
676,Hebrew,NA,×Ö°×¢Ö´×™,,,
677,Hebrew,NA,×Öµ×¢×•Ö¹×ª,,,
678,Ge'ez,NA,áŠ áˆ›á‹‘á‰µ,,,
679,Ge'ez,NA,áŠ áˆá‹‘á‰µ,,,
680,Ge'ez,NA,áŠ áˆá‹‘á‰µ,,,
681,Ge'ez,NA,áŠ áˆ›á‹‘á‰µ,,,
682,Ge'ez,NA,áŠ áˆ›á‹•á‹‹á‰µ,,,
683,Tigrinya,NA,áŠ áˆá‹‘á‰µ,,,
684,Tigre,NA,áŠ áˆá‹’á‰µ,,,
685,Tigre,NA,áŠ áˆá‹‘á‰µ,,,
686,Tigre,NA,á‹áˆá‹’á‰µ,,,
687,Harsusi,NA,mÊ•eyÄ«n,,,
688,Mehri,NA,mÉ™Ê”wÉ™yÄ“n,,,
689,Mehri,NA,mÉ™Ê”É™wÉ™yÄ“n,,,
690,Soqotri,NA,miÊ•á¸¥o,,,
691,Soqotri,NA,mÃ­á¸¥o,,,
692,Proto-Semitic,NA,muhr-,,,
693,Akkadian,NA,ğ’€²ğ’‘,,,
694,Arabic,NA,Ù…ÙÙ‡Ù’Ø±,,,
695,Amorite,NA,ğ’ˆ¬ğ’Š’,,,
696,Classical_Syriac,NA,Ü¡Ü½Ü˜Ü—ÜªÜ³Ü,,,
697,Turoyo,NA,Ü¡Ü˜Ü—ÜªÜ³Ü,,,
698,Qatabanian,NA,ğ©£ğ© ğ©§ğ©©,,,
699,Sabaean,NA,ğ©£ğ© ğ©§ğ©©,,,
700,Ge'ez,NA,áˆ˜áˆ€áˆ­,,,
701,Tigre,NA,áˆáˆ…áˆ­,,,
702,Tigrinya,NA,áˆáˆ‚áˆ­,,,
703,Proto-Semitic,NA,mut-,,,
704,Akkadian,NA,ğ’®,,,
705,Hebrew,NA,×Ö°×ªÖ´×™×,,,
706,Ugaritic,NA,ğğš,,,
707,Ge'ez,NA,áˆá‰µ,,,
708,Proto-Semitic,NA,muÅ¡y-,,,
709,Akkadian,NA,ğ’ˆª,,,
710,Akkadian,NA,ğ’ˆª,,,
711,Arabic,NA,Ù…ÙØ³ÙØ§Ø¡,,,
712,Arabic,NA,Ø£ÙÙ…Ù’Ø³,,,
713,Arabic,NA,Ø£ÙÙ…Ù’Ø³ÙÙŠÙÙ‘Ø©,,,
714,Aramaic,NA,×¨Ö·×Ö°×©Ö¸××,,,
715,Aramaic,NA,ÜªÜ°Ü¡Ü«Ü³Ü,,,
716,Hebrew,NA,×Ö¶×Ö¶×©×,,,
717,Ge'ez,NA,áˆáˆ´á‰µ,,,
718,Tigre,NA,áˆáˆ´á‰µ,,,
719,Tigrinya,NA,áˆáˆ¸á‰µ,,,
720,Amharic,NA,áˆáˆ½á‰µ,,,
721,Argobba,NA,áˆ™áˆ¼á‹µ,,,
722,Gafat,NA,mÉ™siet,,,
723,Gafat,NA,mÉ™Å¡tÃ¤,,,
724,Harari,NA,áˆáˆ¼á‰µ,,,
725,Inor,NA,áˆ™áˆ¼á‹µ,,,
726,Kistane,NA,áˆáˆ¸á‰µ,,,
727,Kistane,NA,áˆáˆ½á‰µ,,,
728,Soqotri,NA,imÅ¡in,,,
729,Proto-Semitic,NA,muá¸«á¸«-,,,
730,Akkadian,NA,ğ’Œ‹ğ’…—,,,
731,Eblaite,NA,ğ’ˆ¬ğ’„·ğ’Œ,,,
732,Egyptian_Arabic,NA,Ù…Ø®,,,
733,Gulf_Arabic,NA,Ù…Ø®,,,
734,Maltese,NA,moÄ§Ä§,,,
735,Moroccan_Arabic,NA,Ù…Ø®,,,
736,Kurdish,NA,mox,,,
737,Kurdish,NA,Ù…Û†Ø®,,,
738,Persian,NA,Ù…Ø®,,,
739,Classical_Syriac,NA,Ü¡Ü˜ÜšÜ,,,
740,Turoyo,NA,Ü¡Ü˜ÜšÜ,,,
741,Hebrew,NA,××•Ö¹×—Ö·,,,
742,Ugaritic,NA,ğğˆ,,,
743,Amharic,NA,áŠ á‹•áˆáˆ®,,,
744,Proto-Semitic,NA,mVdr-,,,
745,Akkadian,NA,ğ’ƒ»,,,
746,Arabic,NA,Ù…ÙØ¯ÙØ±,,,
747,Classical_Syriac,NA,Ü¡Ü¶Ü•ÜªÜ³Ü,,,
748,Biblical_Hebrew,NA,×Ö¶×“Ö¶×¨,,,
749,Sabaean,NA,ğ©£ğ©µğ©§,,,
750,Amharic,NA,áˆá‹µáˆ­,,,
751,Ge'ez,NA,áˆá‹µáˆ­,,,
752,Proto-Semitic,NA,mÄy-,,,
753,Akkadian,NA,ğ’€€,,,
754,Algerian_Arabic,NA,Ù…Ø§,,,
755,Andalusian_Arabic,NA,Ù…Ø§,,,
756,Baharna_Arabic,NA,Ù…ÙŠ,,,
757,Chadian_Arabic,NA,Ø§Ù„Ù…ÙŠ,,,
758,Egyptian_Arabic,NA,Ù…ÙŠØ©,,,
759,Gulf_Arabic,NA,Ù…Ø§ÙŠ,,,
760,Hassaniya_Arabic,NA,Ù…Ø§,,,
761,Hijazi_Arabic,NA,Ù…ÙˆÙŠØ©,,,
762,Iraqi_Arabic,NA,Ù…Ø§ÙŠ,,,
763,Juba_Arabic,NA,moya,,,
764,Nubi,NA,moyo,,,
765,Libyan_Arabic,NA,Ù…ÙŠ,,,
766,Maltese,NA,ilma,,,
767,Moroccan_Arabic,NA,Ù…Ø§,,,
768,North_Levantine_Arabic,NA,Ù…ÙÙŠ,,,
769,South_Levantine_Arabic,NA,Ù…ÙŠ,,,
770,Sudanese_Arabic,NA,Ù…ÙˆÙŠØ©,,,
771,Classical_Syriac,NA,Ü¡Ü°ÜÜ´ÌˆÜ,,,
772,Mandaic,NA,à¡Œà¡‰à¡€,,,
773,Lishana_Deni,NA,×××™×,,,
774,Lishana_Deni,NA,×××™×™×”,,,
775,Dutch,NA,majem,,,
776,Phoenician,NA,ğ¤Œğ¤Œ,,,
777,Ugaritic,NA,ğğŠ,,,
778,Sabaean,NA,ğ©£ğ©¥,,,
779,Safaitic,NA,ğªƒğªš,,,
780,Safaitic,NA,ğªƒğªšğª‰,,,
781,Safaitic,NA,ğªƒğª…ğª‘,,,
782,Safaitic,NA,ğªƒğª‘,,,
783,Harsusi,NA,myÅh,,,
784,HobyÃ³t,NA,á¸¥mo,,,
785,Mehri,NA,moh,,,
786,Shehri,NA,mÃ­h,,,
787,Bathari,NA,muh,,,
788,Dahalik,NA,áˆ›á‹­,,,
789,Ge'ez,NA,áˆ›á‹­,,,
790,Harari,NA,áˆšá‹­,,,
791,Silt'e,NA,áˆ˜á‹­,,,
792,Tigre,NA,áˆ›á‹­,,,
793,Tigrinya,NA,áˆ›á‹­,,,
794,Wolane,NA,áˆ˜á‹­,,,
795,Zay,NA,áˆ›á‹­,,,
796,Proto-Semitic,NA,nadaw-,,,
797,Akkadian,NA,ğ’„¿,,,
798,Eblaite,NA,ğ’ˆ¾ğ’•ğ’Œ,,,
799,Arabic,NA,Ù†ÙØ¯ÙØ§,,,
800,Aramaic,NA,CAL,,,
801,Hebrew,NA,× Ö´×“Ö¸Ö¼×”,,,
802,Ugaritic,NA,ğğ„ğŠ,,,
803,Ugaritic,NA,ğğ„,,,
804,Sabaean,NA,ğ©¬ğ©µğ©º,,,
805,Ge'ez,NA,áŠá‹°á‹¨,,,
806,Ge'ez,NA,áŠá‹µá‹¨,,,
807,Tigre,NA,áŠá‹³,,,
808,Tigrinya,NA,áŠá‹°á‹¨,,,
809,Old_Georgian,NA,áƒœáƒáƒ“áƒ˜,,,
810,Laz,NA,áƒœáƒáƒ“áƒ”áƒ áƒ˜,,,
811,Mingrelian,NA,áƒœáƒáƒ“áƒ˜,,,
812,Svan,NA,áƒœáƒáƒ“áƒÌˆáƒ ,,,
813,Svan,NA,áƒšáƒ˜áƒœáƒ“áƒ˜,,,
814,Proto-Semitic,NA,nahar-,,,
815,Proto-Semitic,NA,namir-,,,
816,Akkadian,NA,ğ’ŠŠğ’Œ‰,,,
817,Eblaite,NA,ğ’ˆ¾ğ’ˆ¨ğ’ˆ,,,
818,Arabic,NA,Ù†ÙÙ…ÙØ±,,,
819,Classical_Syriac,NA,Ü¢Ü¶Ü¡ÜªÜ³Ü,,,
820,Hebrew,NA,× Ö¸×Öµ×¨,,,
821,Old_South_Arabian,NA,ğ©¬ğ©£ğ©§,,,
822,Amharic,NA,áŠá‰¥áˆ­,,,
823,Ge'ez,NA,áŠáˆáˆ­,,,
824,Tigre,NA,áŠá‰¥áˆª,,,
825,Tigrinya,NA,áŠáˆáˆª,,,
826,Tigrinya,NA,áŠá‰¥áˆª,,,
827,Sebat_Bet_Gurage,NA,áŠá‹áˆ­,,,
828,Harsusi,NA,nemr,,,
829,Proto-Semitic,NA,napaá¸«-,,,
830,Akkadian,NA,ğ’ƒ¸ğ’ƒ¸,,,
831,Maltese,NA,nefaÄ§,,,
832,Classical_Syriac,NA,Ü¢Ü¦Ü°Üš,,,
833,Kurdish,NA,nepixÃ®n,,,
834,Kurdish,NA,nepixandin,,,
835,Hebrew,NA,× Ö¸×¤Ö·×—,,,
836,Amharic,NA,áŠá‹,,,
837,Ge'ez,NA,áŠááŠ€,,,
838,Ge'ez,NA,áŠááˆ,,,
839,Sebat_Bet_Gurage,NA,áŠá‹,,,
840,Tigre,NA,áŠááˆ“,,,
841,Tigrinya,NA,áŠááˆ”,,,
842,Proto-Semitic,NA,napÅ¡-,,,
843,Akkadian,NA,ğ’£,,,
844,Maltese,NA,nifs,,,
845,Azerbaijani,NA,nÉ™fÉ™s,,,
846,Armenian,NA,Õ¶Õ¡Ö†Õ¡Õ½,,,
847,Armenian,NA,Õ¶Õ¡Ö†Õ½,,,
848,Baluchi,NA,Ù†Ù¾Ø³,,,
849,Khalaj,NA,nÉ™fÉ™s,,,
850,Amahai,NA,napas,,,
851,Tausug,NA,napas,,,
852,Persian,NA,Ù†ÙØ³,,,
853,Swahili,NA,nafasi,,,
854,Ottoman_Turkish,NA,Ù†ÙØ³,,,
855,Ottoman_Turkish,NA,nefes,,,
856,Uyghur,NA,Ù†Û•Ù¾Û•Ø³,,,
857,Uzbek,NA,nafas,,,
858,Classical_Syriac,NA,Ü¢Ü²Ü¦Ü¼Ü«ÜµÜ,,,
859,Lishana_Deni,NA,× ×•×©×,,,
860,Hebrew,NA,× Ö¶×¤Ö¶×©×,,,
861,Ugaritic,NA,ğğ”ğŒ,,,
862,Old_South_Arabian,NA,ğ©¬ğ©°ğ©ª,,,
863,Amharic,NA,áŠááˆµ,,,
864,Argobba,NA,áŠááˆµ,,,
865,Ge'ez,NA,áŠááˆµ,,,
866,Harari,NA,áŠááˆ²,,,
867,Sebat_Bet_Gurage,NA,áŠááˆµ,,,
868,Tigrinya,NA,áŠááˆ²,,,
869,Tigrinya,NA,personal pronouns,,,
870,Tigre,NA,áŠááˆµ,,,
871,Proto-Semitic,NA,naá¸¥at-,,,
872,Akkadian,NA,ğ’‰¡ğ’„´ğ’„·ğ’Œ…,,,
873,Arabic,NA,Ù†ÙØ­ÙØªÙ,,,
874,Ugaritic,NA,ğğˆğš,,,
875,Sabaean,NA,ğ©¬ğ©¢ğ©©,,,
876,Old_Armenian,NA,Õ¶Õ¡Õ­Õ¡Õ¿Õ¥Õ´,,,
877,Proto-Semitic,NA,naá¸¥aÅ¡-,,,
878,Akkadian,NA,ğ’Œ¨ğ’ˆ¤,,,
879,Arabic,NA,Ø­ÙÙ†ÙØ´,,,
880,Arabic,NA,Ù†ÙÙ‡ÙÙ‘Ø§Ø³,,,
881,Arabic,NA,Ù†ÙÙ‡ÙÙˆØ³,,,
882,Arabic,NA,Ù…ÙÙ†Ù’Ù‡ÙØ³,,,
883,Hebrew,NA,× Ö¸×—Ö¸×©×,,,
884,Ugaritic,NA,ğğˆğŒ,,,
885,Proto-Semitic,NA,naá¸«ar-,,,
886,Akkadian,NA,ğ’ğ’Šğ’„·,,,
887,Maltese,NA,naÄ§ar,,,
888,Classical_Syriac,NA,Ü¢ÜšÜ°Üª,,,
889,Hebrew,NA,× Ö¸×—Ö·×¨,,,
890,Ugaritic,NA,ğ€ğğƒğ—,,,
891,Ge'ez,NA,áŠ•áŠ…áˆ¨,,,
892,Proto-Semitic,NA,niá¸¥nu,,,
893,Akkadian,NA,ğ’‰Œğ’„¿ğ’‰¡,,,
894,Arabic,NA,Ù†ÙØ­Ù’Ù†Ù,,,
895,Classical_Syriac,NA,ÜÜ¢Ü°ÜšÜ¢Ü°Ü¢,,,
896,Classical_Syriac,NA,ÜÜ¢Ü³Ü¢,,,
897,Hebrew,NA,×Ö²× Ö·×—Ö°× ×•Ö¼,,,
898,Hebrew,NA,×Ö²× ×•Ö¼,,,
899,Phoenician,NA,ğ¤ğ¤‡ğ¤,,,
900,Phoenician,NA,ğ¤€ğ¤ğ¤‡ğ¤,,,
901,Amharic,NA,áŠ¥áŠ›,,,
902,Ge'ez,NA,áŠ•áˆ•áŠ,,,
903,Tigrinya,NA,áŠ•áˆ•áŠ“,,,
904,Soqotri,NA,Ø­Ù†,,,
905,Proto-Semitic,NA,nÅ«r-,,,
906,Akkadian,NA,ğ’‚Ÿ,,,
907,Avar,NA,Ğ½ÑƒÑ€,,,
908,Bashkir,NA,Ğ½ÑƒÑ€,,,
909,Bengali,NA,à¦¨à§‚à¦°,,,
910,Turkish,NA,nur,,,
911,Tajik,NA,Ğ½ÑƒÑ€,,,
912,Swahili,NA,nuru,,,
913,Uyghur,NA,Ù†Û‡Ø±,,,
914,Uzbek,NA,nur,,,
915,Maltese,NA,nar,,,
916,Moroccan_Arabic,NA,Ù†Ø§Ø±,,,
917,Bengali,NA,à¦¨à¦¾à¦°,,,
918,Persian,NA,Ù†Ø§Ø±,,,
919,Ottoman_Turkish,NA,Ù†Ø§Ø±,,,
920,Classical_Syriac,NA,Ü¢Ü½Ü˜ÜªÜ³Ü,,,
921,Hebrew,NA,× ×•Ö¼×¨,,,
922,Hebrew,NA,× Öµ×¨,,,
923,Ugaritic,NA,ğğ—,,,
924,Old_South_Arabian,NA,ğ©¬ğ©¥ğ©§,,,
925,Proto-Semitic,NA,patal-,,,
926,Akkadian,NA,ğ’‰ºğ’‹«ğ’‡»,,,
927,Maltese,NA,fettel,,,
928,Kurdish,NA,fetilÃ®n,,,
929,Kurdish,NA,fitilÃ®n,,,
930,Classical_Syriac,NA,Ü¦Ü±İÜ¬Ü±İÜ ,,,
931,Hebrew,NA,×¤Ö¸Ö¼×ªÖ·×œ,,,
932,Amharic,NA,á‰ áŒ áˆˆ,,,
933,Argobba,NA,á‰ áŒ áˆˆ,,,
934,Gafat,NA,á‰ áŒ áˆˆ,,,
935,Ge'ez,NA,áˆá‰°áˆˆ,,,
936,Harari,NA,á‰ áŒ áˆ‹,,,
937,Sebat_Bet_Gurage,NA,á‰ áŒ áˆˆ,,,
938,Tigre,NA,áˆá‰µáˆ‹,,,
939,Tigrinya,NA,áˆá‰°áˆˆ,,,
940,Proto-Semitic,NA,pataá¸¥-,,,
941,Akkadian,NA,ğ’‰¿ğ’Œ…ğ’Œ‘ğ’Œ,,,
942,Egyptian_Arabic,NA,ÙØªØ­,,,
943,Maltese,NA,fetaÄ§,,,
944,Moroccan_Arabic,NA,ÙØªØ­,,,
945,South_Levantine_Arabic,NA,ÙØªØ­,,,
946,Northeastern_Neo-Aramaic,NA,Ü¦ÜµÜ¬Ü¹Üš,,,
947,Hebrew,NA,×¤Ö¸Ö¼×ªÖ·×—,,,
948,Ugaritic,NA,ğ”ğšğˆ,,,
949,Ge'ez,NA,áˆá‰°áˆ,,,
950,Proto-Semitic,NA,pay-,,,
951,Akkadian,NA,ğ’…—,,,
952,Maltese,NA,fomm,,,
953,Classical_Syriac,NA,Ü¦Ü¾İÜ˜Ü¡Ü³Ü,,,
954,Hebrew,NA,×¤Ö¶Ö¼×”,,,
955,Ugaritic,NA,ğ”,,,
956,Old_South_Arabian,NA,ğ©°,,,
957,Amharic,NA,áŠ á,,,
958,Argobba,NA,áŠ á,,,
959,Ge'ez,NA,áŠ á,,,
960,Gurage,NA,áŠ á,,,
961,Harari,NA,áŠ á,,,
962,Tigre,NA,áŠ á,,,
963,Tigrinya,NA,áŠ á,,,
964,Proto-Semitic,NA,paÊ”r-,,,
965,Akkadian,NA,ğ’‰¾ğ’Œ‰,,,
966,Gulf_Arabic,NA,ÙØ§Ø±,,,
967,Maltese,NA,far,,,
968,Moroccan_Arabic,NA,ÙØ§Ø±,,,
969,Amharic,NA,ááˆ­ááˆ­,,,
970,Harari,NA,ÙÙÙˆØ¡Ù’Ø±,,,
971,Inor,NA,á‰áŠ¡áˆ­,,,
972,Sebat_Bet_Gurage,NA,á‰áˆ­,,,
973,Proto-Semitic,NA,paá¸¥al-,,,
974,Akkadian,NA,ğ’ğ’„©ğ’‡»,,,
975,Arabic,NA,ÙÙØ­Ù’Ù„,,,
976,Classical_Mandaic,NA,à¡à¡‰à¡‡à¡‹à¡€,,,
977,Classical_Syriac,NA,Ü¦Ü±İÜšÜ Ü³Ü,,,
978,Classical_Syriac,NA,Ü¦Ü´İÜšÜ Ü³Ü,,,
979,Classical_Syriac,NA,Ü¦Ü·İÜšÜ Ü´Ü,,,
980,Ugaritic,NA,ğ”ğˆğ,,,
981,Ge'ez,NA,áˆáˆáˆ,,,
982,Ge'ez,NA,áˆáˆ“áˆ,,,
983,Ge'ez,NA,á‹áˆ•áˆ,,,
984,Proto-Semitic,NA,piry-,,,
985,Hebrew,NA,×¤Ö°Ö¼×¨Ö´×™,,,
986,Ugaritic,NA,ğ”ğ—,,,
987,Ge'ez,NA,ááˆ¬,,,
988,Proto-Semitic,NA,piÊ”at-,,,
989,Aramaic,NA,*Ê”anp-,,,
990,Aramaic,NA,×Ö·×¤Ö¼×•Ö¼×ªÖ¸×,,,
991,Aramaic,NA,à¡à¡…à¡•à¡€,,,
992,Aramaic,NA,ÜÜ°Ü¦Ü¾İÜ˜Ü¬Ü³Ü,,,
993,Hebrew,NA,×¤Ö¹Ö¼×ª,,,
994,Eblaite,NA,ğ’‰ˆğ’€€ğ’Œˆ,,,
995,Arabic,NA,ÙÙØ¦ÙØ©,,,
996,Classical_Syriac,NA,Ü¦Ü±İÜÜ¬Ü³Ü,,,
997,Classical_Syriac,NA,Ü¦Ü±İÜ¬Ü³Ü,,,
998,Akkadian,NA,ğ’‰ğ’€€ğ’Œˆ,,,
999,Hebrew,NA,×¤ÖµÖ¼×Ö¸×”,,,
1000,Hebrew,NA,×¤Ö°Ö¼×Ö·×ª,,,
1001,Ugaritic,NA,ğ”ğ€ğš,,,
1002,Ge'ez,NA,*la-,,,
1003,Ge'ez,NA,áˆˆáŒ,,,
1004,Tigrinya,NA,áŠá‰µ,,,
1005,Argobba,NA,áŠá‹µ,,,
1006,Harari,NA,áŠá‰µ,,,
1007,AymÃ¤llÃ¤l,NA,áŠ¢áá‰µ,,,
1008,Goggot,NA,áŠ¢áá‰µ,,,
1009,Silt'e,NA,áŠ¡áá‰µ,,,
1010,Wolane,NA,áŠ¡áá‰µ,,,
1011,Zay,NA,áŠ¥áŠá‰µ,,,
1012,Mesqan,NA,áŠ¢áá‰µ,,,
1013,Sebat_Bet_Gurage,NA,á‹ªáá‰µ,,,
1014,Sebat_Bet_Gurage,NA,áŠ¢áá‰µ,,,
1015,Soqotri,NA,fÄ«ÌÊ¾É”h,,,
1016,Proto-Semitic,NA,purá¸¡Å«á¹¯-,,,
1017,Akkadian,NA,ğ’„´,,,
1018,Eblaite,NA,ğ’“ğ’„©ğ’‹§,,,
1019,Gulf_Arabic,NA,Ø¨Ø±ØºÙˆØ«,,,
1020,Maltese,NA,bergÄ§ud,,,
1021,Moroccan_Arabic,NA,Ø¨Ø±ØºÙˆØª,,,
1022,Classical_Syriac,NA,Ü¦Ü¾İÜ˜ÜªÜ¬Ü±İÜ¥Ü¢Ü³Ü,,,
1023,Hebrew,NA,×¤Ö·Ö¼×¨Ö°×¢×•Ö¹×©×,,,
1024,Ugaritic,NA,ğ”ğ—ğ™ğ˜,,,
1025,Proto-Semitic,NA,rabb-,,,
1026,Akkadian,NA,ğ’‚¼,,,
1027,Arabic,NA,Ø±ÙØ¨ÙÙ‘,,,
1028,Classical_Syriac,NA,ÜªÜ’Ü’,,,
1029,Ge'ez,NA,áˆ¨á‰ ,,,
1030,Ge'ez,NA,áˆ¨á‰ á‰ ,,,
1031,Proto-Semitic,NA,ramay-,,,
1032,Akkadian,NA,ğ’Šğ’ˆ¬ğ’Œ‹,,,
1033,Maltese,NA,rema,,,
1034,"Biblical_Aramaic,_Jewish_Palestinian_Aramaic,_Jewish_Literary_Aramaic,_Jewish_Babylonian_Aramaic",NA,×¨Ö°×Ö¸×,,,
1035,Classical_Mandaic,NA,à¡“à¡Œà¡€,,,
1036,Classical_Syriac,NA,ÜªÜ¡Ü°Ü,,,
1037,Hebrew,NA,×¨Ö¸×Ö¸×”,,,
1038,Ugaritic,NA,ğ—ğğŠ,,,
1039,Ge'ez,NA,áˆ¨áˆ˜á‹¨,,,
1040,Proto-Semitic,NA,rayam-,,,
1041,Akkadian,NA,ğ’Š‘,,,
1042,Eblaite,NA,ğ’‰Œğ’Šğ’ˆ¬,,,
1043,Arabic,NA,Ø±ÙØ§Ù…Ù,,,
1044,"Christian_Palestinian_Aramaic,_Classical_Syriac",NA,ÜªÜ³Ü¡,,,
1045,Hebrew,NA,×¨Ö¸×,,,
1046,Ugaritic,NA,ğ—ğ,,,
1047,Old_South_Arabian,NA,ğ©§ğ©ºğ©£,,,
1048,Ge'ez,NA,áˆ¨á‹¨áˆ˜,,,
1049,Egyptian,NA,rêœ£mêœ¥,,,
1050,Egyptian,NA,rwmw,,,
1051,Proto-Semitic,NA,raÊ”Å¡-,,,
1052,Akkadian,NA,ğ’Š•,,,
1053,Eblaite,NA,ğ’Œ·ğ’‰ˆ,,,
1054,Egyptian_Arabic,NA,Ø±Ø§Ø³,,,
1055,Gulf_Arabic,NA,Ø±Ø§Ø³,,,
1056,Maltese,NA,ras,,,
1057,Moroccan_Arabic,NA,Ø±Ø§Ø³,,,
1058,Punjabi,NA,à¨°à¨¾à¨¸,,,
1059,Swahili,NA,rasi,,,
1060,Ottoman_Turkish,NA,Ø±Ø£Ø³,,,
1061,Classical_Syriac,NA,ÜªÜ¶ÜÜ«Ü³Ü,,,
1062,Hebrew,NA,×¨Ö¹××©×,,,
1063,Hebrew,NA,×¨Ö¸××©Ö´××™×,,,
1064,Hebrew,NA,×¨Öµ××©Ö´××™×ª,,,
1065,Hebrew,NA,×¨Ö´××©××•Ö¹×Ÿ,,,
1066,Moabite,NA,ğ¤“ğ¤”,,,
1067,Phoenician,NA,ğ¤“ğ¤€ğ¤”,,,
1068,Ugaritic,NA,ğ—ğ›ğŒ,,,
1069,Old_South_Arabian,NA,ğ©§ğ©±ğ©ª,,,
1070,Sabaean,NA,ğ©§ğ©±ğ©ª,,,
1071,Amharic,NA,áˆ«áˆµ,,,
1072,Ge'ez,NA,áˆ­áŠ¥áˆµ,,,
1073,Tigre,NA,áˆ¨áŠ£áˆµ,,,
1074,Tigrinya,NA,áˆ­áŠ¥áˆ²,,,
1075,Proto-Semitic,NA,raÊ•ay-,,,
1076,Akkadian,NA,ğ’Š‘ğ’‚ğ’Œ,,,
1077,Maltese,NA,ragÄ§a,,,
1078,Imperial_Aramaic,NA,ğ¡“ğ¡ğ¡‰,,,
1079,Aramaic,NA,×¨Ö°×¢Öµ×™,,,
1080,Aramaic,NA,×¨Ö°×¢Ö¸×,,,
1081,Classical_Syriac,NA,ÜªÜ¥ÜµÜ,,,
1082,Biblical_Hebrew,NA,×¨Ö¸×¢Ö¸×”,,,
1083,Phoenician,NA,ğ¤“ğ¤,,,
1084,Ugaritic,NA,ğ—ğ“ğŠ,,,
1085,Sabaean,NA,ğ©§ğ©²ğ©º,,,
1086,Ge'ez,NA,áˆ­á‹•á‹¨,,,
1087,Proto-Semitic,NA,raÊ•d-,,,
1088,Akkadian,NA,ğ’Šğ’€€ğ’ºğ’Œ,,,
1089,Maltese,NA,ragÄ§ad,,,
1090,Moroccan_Arabic,NA,Ø±Ø¹Ø¯,,,
1091,Persian,NA,Ø±Ø¹Ø¯,,,
1092,Swahili,NA,radi,,,
1093,Ugaritic,NA,ğ—ğ“ğš,,,
1094,Christian_Palestinian_Aramaic,NA,ÜªÜ¥Ü•,,,
1095,Harari,NA,áˆ«áŠ¥á‹²,,,
1096,Argobba,NA,áˆ«áŠ£á‹µ,,,
1097,Proto-Semitic,NA,raá¸¥at-,,,
1098,Akkadian,NA,rittum,,,
1099,Akkadian,NA,rettum,,,
1100,Arabic,NA,Ø±ÙØ§Ø­ÙØ©,,,
1101,Arabic,NA,Ø±ÙØ§Ø­ÙØ©,,,
1102,Classical_Syriac,NA,Ü Ü°ÜšÜ¬Ü³Ü,,,
1103,Hebrew,NA,×¨Ö·×—Ö·×ª,,,
1104,Ugaritic,NA,ğ—ğˆğš,,,
1105,Ge'ez,NA,áŠ¥áˆ«áˆ•,,,
1106,Ge'ez,NA,áŠ¥áŒáˆ­,,,
1107,Ge'ez,NA,áŠ á,,,
1108,Tigre,NA,áˆ¨áˆá‰µ,,,
1109,Tigrinya,NA,áˆ«áˆ•,,,
1110,Tigrinya,NA,áˆ«áŠ…,,,
1111,Mehri,NA,rÉ™á¸¥Ät,,,
1112,Harsusi,NA,É™rá¸¥Ät,,,
1113,Harsusi,NA,rÄ«á¸¥et,,,
1114,Shehri,NA,irÉ”Ìá¸¥É”Ìt,,,
1115,Soqotri,NA,rÃ­á¸¥oh,,,
1116,Proto-Semitic,NA,rigl-,,,
1117,Akkadian,NA,ğ’Š‘ğ’……ğ’‡»,,,
1118,Egyptian_Arabic,NA,Ø±Ø¬Ù„,,,
1119,Gulf_Arabic,NA,Ø±ÙŠÙ„,,,
1120,Hijazi_Arabic,NA,Ø±ÙØ¬ÙÙ„,,,
1121,Maltese,NA,riÄ¡el,,,
1122,Moroccan_Arabic,NA,Ø±Ø¬Ù„,,,
1123,North_Levantine_Arabic,NA,Ø¥Ø¬Ø±,,,
1124,Classical_Syriac,NA,ÜªÜ¶Ü“Ü Ü³Ü,,,
1125,Classical_Syriac,NA,Ü¢Ü¶Ü“ÜªÜ³Ü,,,
1126,Classical_Mandaic,NA,à¡‹à¡‰à¡‚à¡“à¡€,,,
1127,Hebrew,NA,×¨Ö¶×’Ö¶×œ,,,
1128,Ugaritic,NA,ğ’Š‘ğ’……ğ’‡»,,,
1129,Minaean,NA,ğ©§ğ©´ğ©¡,,,
1130,Sabaean,NA,ğ©§ğ©´ğ©¡,,,
1131,Amharic,NA,áŠ¥áŒáˆ­,,,
1132,Ge'ez,NA,áŠ¥áŒáˆ­,,,
1133,Harari,NA,áŠ¢áŒŠáˆ­,,,
1134,Harari,NA,áŠ¢áŠ•áŒŠáˆ­,,,
1135,Inor,NA,áŠ áŒáˆ­,,,
1136,Kistane,NA,áŠ áŒáˆ­,,,
1137,Sebat_Bet_Gurage,NA,áŠ áŒáˆ­,,,
1138,Silt'e,NA,áŠ¥áŠ•áŒáˆ­,,,
1139,Tigre,NA,áŠ¥áŒáˆ­,,,
1140,Tigrinya,NA,áŠ¥áŒáˆª,,,
1141,Wolane,NA,áŠ¥áŠ•áŒáˆ­,,,
1142,Zay,NA,áŠ¥áŠ•áŒáˆ­,,,
1143,Proto-Semitic,NA,tall-,,,
1144,Akkadian,NA,ğ’‡¯,,,
1145,Arabic,NA,ØªÙÙ„Ù‘,,,
1146,Classical_Syriac,NA,Ü¬Ü Ü,,,
1147,Hebrew,NA,×ªÖµÖ¼×œ,,,
1148,Ugaritic,NA,ğšğ,,,
1149,Proto-Semitic,NA,tihÄm-,,,
1150,Proto-Semitic,NA,tiÅ¡Ê•-,,,
1151,Akkadian,NA,ğ’‘†,,,
1152,Egyptian_Arabic,NA,ØªØ³Ø¹Ø©,,,
1153,Maltese,NA,disgÄ§a,,,
1154,Moroccan_Arabic,NA,ØªØ³Ø¹Ø©,,,
1155,Moroccan_Arabic,NA,ØªØ³Ø¹ÙˆØ¯,,,
1156,Swahili,NA,tisa,,,
1157,Western_Neo-Aramaic,NA,Ü›Ü«Ü¥Ü,,,
1158,Western_Neo-Aramaic,NA,ÜÜ›Ü«Ü¥,,,
1159,Classical_Syriac,NA,Ü¬Ü·İÜ«Ü¥Ü³Ü,,,
1160,Classical_Syriac,NA,Ü¬İÜ«Ü°Ü¥,,,
1161,Hebrew,NA,×ªÖµÖ¼×©Ö·××¢,,,
1162,Hebrew,NA,×ªÖ´Ö¼×©Ö°××¢Ö¸×”,,,
1163,Punic,NA,ğ¤•ğ¤”ğ¤,,,
1164,Ugaritic,NA,ğšğŒğ“ğš,,,
1165,Ge'ez,NA,á‰µáˆµá‹“á‰±,,,
1166,Tigre,NA,áˆµá‹•,,,
1167,Tigre,NA,á‰µáˆµá‹’,,,
1168,Tigrinya,NA,á‰µáˆ½á‹“á‰°,,,
1169,Proto-Semitic,NA,tiÊ”in-,,,
1170,Akkadian,NA,ğ’„‘ğ’ˆ ,,,
1171,Classical_Syriac,NA,Ü¬Ü·İÜÜ¢Ü¬İÜ³Ü,,,
1172,Arabic,NA,ØªÙÙŠÙ†,,,
1173,Ammonite,NA,ğ¤•ğ¤€ğ¤,,,
1174,Hebrew,NA,×ªÖ°Ö¼×Öµ× Ö¸×”,,,
1175,Punic,NA,ğ¤•ğ¤‰ğ¤,,,
1176,Proto-Semitic,NA,wa,,,
1177,Akkadian,NA,ğ’…‡,,,
1178,Arabic,NA,ÙˆÙ,,,
1179,Classical_Syriac,NA,Ü˜-,,,
1180,Hebrew,NA,×•Ö°Ö¾,,,
1181,Punic,NA,ğ¤…-,,,
1182,Ugaritic,NA,ğ†,,,
1183,Hadrami,NA,ğ©¥-,,,
1184,Minaean,NA,ğ©¥-,,,
1185,Qatabanian,NA,ğ©¥-,,,
1186,Sabaean,NA,ğ©¥-,,,
1187,Mehri,NA,w-,,,
1188,Mehri,NA,wÉ™-,,,
1189,Mehri,NA,É™w-,,,
1190,Shehri,NA,b-,,,
1191,Soqotri,NA,wÉ™-,,,
1192,Amharic,NA,á‹ˆ-,,,
1193,Tigre,NA,á‹ˆ-,,,
1194,Tigrinya,NA,á‹áŠ•,,,
1195,Tigrinya,NA,á‹ˆá‹­,,,
1196,Gurage,NA,-á‹ˆ,,,
1197,Harari,NA,á‹‹,,,
1198,Proto-Semitic,NA,wabal-,,,
1199,Akkadian,NA,ğ’€€ğ’€ğ’ˆ,,,
1200,Eblaite,NA,ğ’‚ğ’€ğ’€ ,,,
1201,Arabic,NA,ÙˆÙØ¨ÙÙ„Ù,,,
1202,Classical_Syriac,NA,ÜÜ’Ü ,,,
1203,Aramaic,NA,×Ö¾×‘Ö¾×œ,,,
1204,Aramaic,NA,see CAL,,,
1205,Amorite,NA,ğŠğğ,,,
1206,Hebrew,NA,×™Ö¸×‘Ö·×œ,,,
1207,Ugaritic,NA,ğŠğğ,,,
1208,Egyptian,NA,ywbêœ£jrêœ£,,,
1209,Minaean,NA,ğ©¥ğ©¨ğ©¡,,,
1210,Sabaean,NA,ğ©¥ğ©¨ğ©¡,,,
1211,Proto-Semitic,NA,wadaÊ•-,,,
1212,Akkadian,NA,ğ’ª,,,
1213,Arabic,NA,ÙˆÙØ¯ÙØ¹Ù,,,
1214,Classical_Syriac,NA,ÜÜ•Ü¥,,,
1215,Assyrian_Neo-Aramaic,NA,ÜÜµÜ•Ü¹Ü¥,,,
1216,Hebrew,NA,×™Ö¸×“Ö·×¢,,,
1217,Phoenician,NA,ğ¤‰ğ¤ƒğ¤,,,
1218,Ugaritic,NA,ğŠğ„ğ“,,,
1219,Qatabanian,NA,ğ©ºğ©µğ©²,,,
1220,Sabaean,NA,ğ©ºğ©µğ©²,,,
1221,Mehri,NA,wÄ«á¸a,,,
1222,Shehri,NA,Ê”edaÊ•,,,
1223,Soqotri,NA,Ê”edaá¸¥,,,
1224,Proto-Semitic,NA,walad-,,,
1225,Akkadian,NA,ğ’‰¿ğ’†·ğ’ºğ’Œ,,,
1226,Arabic,NA,ÙˆÙÙ„ÙØ¯Ù,,,
1227,Classical_Syriac,NA,ÜÜ Ü°Ü•,,,
1228,Hebrew,NA,×™Ö¸×œÖ·×“,,,
1229,Ugaritic,NA,ğŠğğ„,,,
1230,Ge'ez,NA,á‹ˆáˆá‹µ,,,
1231,Proto-Semitic,NA,waral-,,,
1232,Akkadian,NA,ğ’Œ¨ğ’‰¡,,,
1233,German,NA,Monitor,,,
1234,Classical_Syriac,NA,Ü˜ÜªÜ Ü,,,
1235,Classical_Syriac,NA,Ü˜ÜªÜ¢Ü,,,
1236,Classical_Syriac,NA,Ü˜ÜªÜÜ Ü,,,
1237,Translingual,NA,Varanus,,,
1238,Translingual,NA,monitor lizard,,,
1239,Classical_Syriac,NA,ÜÜ°ÜªÜ Ü³Ü,,,
1240,Classical_Syriac,NA,ÜÜ Ü,,,
1241,Latin,NA,iÅ«lus,,,
1242,Harsusi,NA,rewÅl,,,
1243,Mehri,NA,rÉ™wÅl,,,
1244,Proto-Semitic,NA,waraá¸³-,,,
1245,Akkadian,NA,ğ’‰¿ğ’Šğ’„£,,,
1246,Egyptian_Arabic,NA,ÙˆØ±Ù‚,,,
1247,Hijazi_Arabic,NA,ÙˆÙØ±ÙÙ‚,,,
1248,Maltese,NA,weraq,,,
1249,Afar,NA,warkat,,,
1250,Azerbaijani,NA,vÉ™rÉ™q,,,
1251,Georgian,NA,áƒ•áƒáƒ áƒáƒ§áƒ˜,,,
1252,Kazakh,NA,Ğ¿Ğ°Ñ€Ğ°Ò›,,,
1253,Kyrgyz,NA,Ğ±Ğ°Ñ€Ğ°Ğº,,,
1254,Malay,NA,warkah,,,
1255,Malay,NA,warkat,,,
1256,Ottoman_Turkish,NA,ÙˆØ±Ù‚,,,
1257,Ottoman_Turkish,NA,varak,,,
1258,Persian,NA,ÙˆØ±Ù‚,,,
1259,Persian,NA,ÙˆØ±Ù‚Ù‡,,,
1260,Punjabi,NA,à¨µà¨°à¨•,,,
1261,Somali,NA,warqad,,,
1262,Spanish,NA,ataurique,,,
1263,Uyghur,NA,Û‹Ø§Ø±Ø§Ù‚,,,
1264,Uzbek,NA,varaq,,,
1265,Classical_Syriac,NA,ÜÜ½Ü˜ÜªÜ´İÜ©Ü,,,
1266,Classical_Syriac,NA,ÜÜ°ÜªÜ©Ü³Ü,,,
1267,Israeli_Hebrew,NA,×™Ö¶×¨Ö¶×§,,,
1268,Israeli_Hebrew,NA,×™Ö¸×¨Ö¸×§,,,
1269,Ugaritic,NA,ğŠğ—ğ–,,,
1270,Sidamo,NA,worqe,,,
1271,Argobba,NA,á‹ˆáˆ­á‰…,,,
1272,Ge'ez,NA,á‹ˆáˆ­á‰…,,,
1273,Harari,NA,á‹ˆáˆªá‰…,,,
1274,Sebat_Bet_Gurage,NA,á‹ˆáˆ­á‰…,,,
1275,Tigre,NA,á‹ˆáˆ­á‰…,,,
1276,Tigrinya,NA,á‹ˆáˆ­á‰‚,,,
1277,Proto-Semitic,NA,wará¸«-,,,
1278,Akkadian,NA,ğ’Œš,,,
1279,Safaitic,NA,ğª…ğª‡ğª,,,
1280,Western_Middle_Aramaic,NA,×™Ö°×¨Ö·×—,,,
1281,Western_Middle_Aramaic,NA,×™Ö·×¨Ö°×—Ö¸×,,,
1282,Western_Middle_Aramaic,NA,ÜÜªÜšÜ,,,
1283,Western_Middle_Aramaic,NA,ğ¢ğ¢›ğ¢Š,,,
1284,Eastern_Middle_Aramaic,NA,ğ£©ğ££ğ£§,,,
1285,Eastern_Middle_Aramaic,NA,ğ¡©ğ¡´ğ¡§,,,
1286,Eastern_Middle_Aramaic,NA,×™×¨×—,,,
1287,Eastern_Middle_Aramaic,NA,×™×¨×—×,,,
1288,Classical_Syriac,NA,ÜÜ°ÜªÜšÜ³Ü,,,
1289,Assyrian_Neo-Aramaic,NA,ÜÜ²ÜªÜšÜµÜ,,,
1290,Hebrew,NA,×™Ö¸×¨Öµ×—Ö·,,,
1291,Punic,NA,ğ¤‰ğ¤“ğ¤‡,,,
1292,Ugaritic,NA,ğŠğ—ğƒ,,,
1293,Arabic,NA,ØªÙØ§Ø±ÙÙŠØ®,,,
1294,Ge'ez,NA,á‹ˆáˆ­áŠ…,,,
1295,Tigrinya,NA,á‹ˆáˆ­áˆ’,,,
1296,Tigrinya,NA,á‹‹áˆ­áˆ’,,,
1297,Tigre,NA,á‹ˆáˆ­áˆ•,,,
1298,Amharic,NA,á‹ˆáˆ­,,,
1299,Argobba,NA,á‹ˆáˆ­áˆ•,,,
1300,Gurage,NA,á‹ˆáˆ­,,,
1301,Harari,NA,á‹ˆáˆ­áˆ’,,,
1302,Harari,NA,á‹‹áˆ­áˆ’,,,
1303,Mehri,NA,wará¸«,,,
1304,Shehri,NA,É”Ìrx,,,
1305,Shehri,NA,Ã­rÉ™x,,,
1306,Shehri,NA,Ê¾É›rÉ™Ìt,,,
1307,Soqotri,NA,Ê¾Ã©re,,,
1308,Soqotri,NA,Hebrew,,,
1309,Soqotri,NA,××•Ö¹×¨,,,
1310,Soqotri,NA,Akkadian,,,
1311,Soqotri,NA,ğ’Œ“ğ’•,,,
1312,Soqotri,NA,Arabic,,,
1313,Soqotri,NA,Ø´ÙÙ‡Ù’Ø±,,,
1314,Proto-Semitic,NA,waÊ•il-,,,
1315,Eblaite,NA,ğ’‰¿ğ’‰Œğ’ˆ,,,
1316,Arabic,NA,ÙˆÙØ¹ÙÙ„,,,
1317,Arabic,NA,ÙˆÙØ¹Ù’Ù„,,,
1318,Classical_Syriac,NA,ÜÜ°Ü¥Ü Ü³Ü,,,
1319,Amorite,NA,ğ’…€ğ’„¿ğ’†·,,,
1320,Hebrew,NA,×™Ö¸×¢Öµ×œ,,,
1321,Latin,NA,eale,,,
1322,Ugaritic,NA,ğŠğ“ğ,,,
1323,Hadrami,NA,ğ©¥ğ©²ğ©¡,,,
1324,Qatabanian,NA,ğ©¥ğ©²ğ©¡,,,
1325,Sabaean,NA,ğ©¥ğ©²ğ©¡,,,
1326,Amharic,NA,á‹‹áˆŠá‹«,,,
1327,Amharic,NA,á‹‹áˆá‹«,,,
1328,Amharic,NA,á‹‹áˆ‹,,,
1329,Ge'ez,NA,á‹á‹•áˆ‹,,,
1330,Ge'ez,NA,á‹ˆá‹“áˆ‹,,,
1331,Ge'ez,NA,á‹‹áŠ¥áˆ‹,,,
1332,Tigre,NA,á‹ˆáˆ­á‹”,,,
1333,Tigrinya,NA,á‹á‹•áˆ‹,,,
1334,Mehri,NA,wÉ›Ì„l,,,
1335,Mehri,NA,wÄl,,,
1336,Harsusi,NA,wÄl,,,
1337,Shehri,NA,É›bÊ¿É”Ìáº•Ì‚,,,
1338,Proto-Semitic,NA,yad-,,,
1339,Akkadian,NA,ğ’€‰,,,
1340,Egyptian_Arabic,NA,Ø§ÙŠØ¯,,,
1341,Gulf_Arabic,NA,Ø§ÙŠØ¯,,,
1342,Maltese,NA,id,,,
1343,Maltese,NA,jedd,,,
1344,Moroccan_Arabic,NA,ÙŠØ¯,,,
1345,Moroccan_Arabic,NA,Ø§ÙŠØ¯,,,
1346,Classical_Syriac,NA,ÜÜºÜÜ•Ü³Ü,,,
1347,Hebrew,NA,×™Ö¸×“,,,
1348,Phoenician,NA,ğ¤‰ğ¤ƒ,,,
1349,Ugaritic,NA,ğŠğ„,,,
1350,Minaean,NA,ğ©ºğ©µ,,,
1351,Old_South_Arabian,NA,ğ©ºğ©µ,,,
1352,Qatabanian,NA,ğ©ºğ©µ,,,
1353,Sabaean,NA,ğ©ºğ©µ,,,
1354,Amharic,NA,áŠ¥áŒ…,,,
1355,Ge'ez,NA,áŠ¥á‹µ,,,
1356,Tigre,NA,áŠ¥á‹´,,,
1357,Tigrinya,NA,áŠ¢á‹µ,,,
1358,Soqotri,NA,Ø£Ø£Ø¯,,,
1359,Proto-Semitic,NA,yamÄ«n-,,,
1360,Akkadian,NA,ğ’ ,,,
1361,Gulf_Arabic,NA,ÙŠÙ…ÙŠÙ†,,,
1362,Maltese,NA,lemin,,,
1363,Moroccan_Arabic,NA,ÙŠÙ…ÙŠÙ†,,,
1364,Moroccan_Arabic,NA,Ù„ÙŠÙ…Ù†,,,
1365,Moroccan_Arabic,NA,Ù„ÙŠÙ…ÙŠÙ†,,,
1366,Swahili,NA,yamini,,,
1367,Classical_Syriac,NA,ÜÜ°Ü¡Ü»İÜÜ¢Ü³Ü,,,
1368,Hebrew,NA,×™Ö¸×Ö´×™×Ÿ,,,
1369,Ugaritic,NA,ğŠğğ,,,
1370,Old_South_Arabian,NA,ğ©ºğ©£ğ©¬,,,
1371,Ge'ez,NA,á‹¨áˆ›áŠ•,,,
1372,Proto-Semitic,NA,yanaá¸³-,,,
1373,Akkadian,NA,ğ’‚Šğ’‰ˆğ’†ª,,,
1374,Arabic,NA,Ù†ÙØ§Ù‚ÙØ©,,,
1375,Aramaic,NA,×™Ö°× Ö·×§,,,
1376,Aramaic,NA,ÜÜ»Ü¢Ü·Ü©,,,
1377,Hebrew,NA,×™Ö¸× Ö·×§,,,
1378,Ugaritic,NA,ğŠğğ–,,,
1379,Proto-Semitic,NA,yawm-,,,
1380,Akkadian,NA,ğ’Œ“,,,
1381,Egyptian_Arabic,NA,ÙŠÙˆÙ…,,,
1382,Gulf_Arabic,NA,ÙŠÙˆÙ…,,,
1383,Hijazi_Arabic,NA,ÙŠÙˆÙ…,,,
1384,Maltese,NA,jum,,,
1385,Moroccan_Arabic,NA,ÙŠÙˆÙ…,,,
1386,Turkish,NA,yevm,,,
1387,Urdu,NA,ÛŒÙˆÙ…,,,
1388,Hindi,NA,à¤¯à¥Œà¤®,,,
1389,Hindi,NA,à¤‡à¤¯à¥à¤¯à¤¾à¤®,,,
1390,Classical_Syriac,NA,ÜÜ°Ü˜Ü¡Ü³Ü,,,
1391,Lishana_Deni,NA,×™×•××,,,
1392,Classical_Mandaic,NA,à¡‰à¡…à¡Œ,,,
1393,Hebrew,NA,×™×•Ö¹×,,,
1394,Punic,NA,ğ¤‰ğ¤Œ,,,
1395,Ugaritic,NA,ğŠğ,,,
1396,Old_South_Arabian,NA,ğ©ºğ©¥ğ©£,,,
1397,Amharic,NA,á‹®áˆ,,,
1398,Tigre,NA,á‹®áˆ,,,
1399,Tigrinya,NA,áˆáˆ,,,
1400,Tigrinya,NA,áˆáˆš,,,
1401,Mehri,NA,yum,,,
1402,Shehri,NA,yum,,,
1403,Shehri,NA,yum,,,
1404,Shehri,NA,yuhm,,,
1405,Shehri,NA,É›Ìm,,,
1406,Soqotri,NA,yÅm,,,
1407,Proto-Semitic,NA,zamar-,,,
1408,Akkadian,NA,ğ’ğ’ˆ ğ’Š’ğ’Œ,,,
1409,Arabic,NA,Ø²ÙÙ…ÙØ±Ù,,,
1410,Classical_Syriac,NA,Ü™Ü¡Ü°Üª,,,
1411,Hebrew,NA,×–Ö´×ÖµÖ¼×¨,,,
1412,Ugaritic,NA,ğ‡ğğ—,,,
1413,Ge'ez,NA,á‹˜áˆ˜áˆ¨,,,
1414,Amharic,NA,áˆ˜á‹˜áˆ˜áˆ¨,,,
1415,Amharic,NA,áˆ˜á‹˜áˆ™áˆ¨,,,
1416,Proto-Semitic,NA,Å›amÅ¡-,,,
1417,Akkadian,NA,ğ’Œ“,,,
1418,Maltese,NA,xemx,,,
1419,Moroccan_Arabic,NA,Ø´Ù…Ø´,,,
1420,Moroccan_Arabic,NA,Ø´Ù…Ø³,,,
1421,Indonesian,NA,syamsi,,,
1422,Turkish,NA,ÅŸems,,,
1423,Uzbek,NA,shams,,,
1424,Classical_Syriac,NA,Ü«Ü¶Ü¡Ü«Ü³Ü,,,
1425,Hebrew,NA,×©Ö¶××Ö¶×©×,,,
1426,Punic,NA,ğ¤”ğ¤Œğ¤”,,,
1427,Ugaritic,NA,ğŒğ”ğŒ,,,
1428,Minaean,NA,ğ©¦ğ©£ğ©ª,,,
1429,Qatabanian,NA,ğ©¦ğ©£ğ©ª,,,
1430,Sabaean,NA,ğ©¦ğ©£ğ©ª,,,
1431,Tigre,NA,áˆ¸áˆáˆ½,,,
1432,Proto-Semitic,NA,Å›apat-,,,
1433,Akkadian,NA,ğ’…»,,,
1434,Maltese,NA,xoffa,,,
1435,Classical_Syriac,NA,Ü£Ü¶Ü¦Ü¬Ü³Ü,,,
1436,Hebrew,NA,×©Ö¸×‚×¤Ö¸×”,,,
1437,Ugaritic,NA,ğŒğ”ğš,,,
1438,Old_Armenian,NA,Õ·Õ¸Ö‚Ö€Õ©Õ¶,,,
1439,Proto-Semitic,NA,Å›aÊ•r-,,,
1440,Akkadian,NA,ğ’Š¬ğ’Œˆ,,,
1441,Gulf_Arabic,NA,Ø´Ø¹Ø±,,,
1442,Maltese,NA,xagÄ§ar,,,
1443,Moroccan_Arabic,NA,Ø´Ø¹Ø±,,,
1444,Moroccan_Arabic,NA,Ø´Ø¹Ø±Ø©,,,
1445,Classical_Syriac,NA,Ü£Ü°Ü¥ÜªÜ³Ü,,,
1446,Hebrew,NA,×©Öµ×‚×¢Ö¸×¨,,,
1447,Ugaritic,NA,ğŒğ“ğ—ğš,,,
1448,Amharic,NA,á€áŒ‰áˆ­,,,
1449,Ge'ez,NA,áŒ¸áŒ•áˆ­,,,
1450,Proto-Semitic,NA,Å¡abaá¹­-,,,
1451,Akkadian,NA,Å¡abÄá¹­um,,,
1452,Arabic,NA,Ø´ÙØ¨ÙØ·Ù,,,
1453,Aramaic,NA,×©Ö°××‘Ö·×˜,,,
1454,Aramaic,NA,Ü«Ü’Ü›,,,
1455,Hebrew,NA,×©Ö¸××‘Ö·×˜,,,
1456,Sabaean,NA,ğ©ªğ©¨ğ©·,,,
1457,Amharic,NA,á‹˜á‰ áŒ ,,,
1458,Ge'ez,NA,á‹˜á‰ áŒ ,,,
1459,Tigre,NA,á‹˜á‰¥áŒ ,,,
1460,Tigrinya,NA,á‹˜á‰ áŒ ,,,
1461,Harsusi,NA,sebÅá¹­,,,
1462,Mehri,NA,sÉ™bÅá¹­,,,
1463,Mehri,NA,sÉ”Ì„á¹­,,,
1464,Proto-Semitic,NA,Å¡abÊ•-,,,
1465,Akkadian,NA,ğ’Œ,,,
1466,Egyptian_Arabic,NA,Ø³Ø¨Ø¹Ø©,,,
1467,Maltese,NA,sebgÄ§a,,,
1468,Moroccan_Arabic,NA,Ø³Ø¨Ø¹Ø©,,,
1469,Swahili,NA,saba,,,
1470,Classical_Syriac,NA,Ü«Ü°Ü’Ü¥Ü³Ü,,,
1471,Classical_Syriac,NA,Ü«Ü’Ü°Ü¥,,,
1472,Hebrew,NA,×©Ö´××‘Ö°×¢Ö¸×”,,,
1473,Hebrew,NA,×©Ö¶××‘Ö·×¢,,,
1474,Ugaritic,NA,ğŒğğ“ğš,,,
1475,Dadanitic,NA,ğªŠğªˆğª’,,,
1476,Safaitic,NA,ğªŠğªˆğª’,,,
1477,Amharic,NA,áˆ°á‰£á‰µ,,,
1478,Ge'ez,NA,áˆ°á‰¥á‹á‰±,,,
1479,Ge'ez,NA,áˆ°á‰¥á‹‘,,,
1480,Tigre,NA,áˆ°á‰¡á‹•,,,
1481,Tigrinya,NA,áˆ¸á‹á‹“á‰°,,,
1482,Proto-Semitic,NA,Å¡abá¹­-,,,
1483,Akkadian,NA,ğ’‰ºğ’…ğ’‰ğ’‚…,,,
1484,Arabic,NA,Ø³ÙØ¨Ù’Ø·,,,
1485,Aramaic,NA,×©Ö´××‘Ö°×˜Ö¸×,,,
1486,Aramaic,NA,Ü«Ü°Ü’Ü›Ü³Ü,,,
1487,Hebrew,NA,×©Öµ××‘Ö¶×˜,,,
1488,Ge'ez,NA,áˆµá‰¥áŒ¥,,,
1489,Proto-Semitic,NA,Å¡amaÊ•-,,,
1490,Akkadian,NA,ğ’„‘ğ’Œ‡,,,
1491,Arabic,NA,Ø³ÙÙ…ÙØ¹Ù,,,
1492,Classical_Syriac,NA,Ü«Ü¡Ü°Ü¥,,,
1493,Hebrew,NA,×©Ö¸××Ö·×¢,,,
1494,Samaritan_Hebrew,NA,à ”à Œà ,,,
1495,Phoenician,NA,ğ¤”ğ¤Œğ¤,,,
1496,Ugaritic,NA,ğŒğğ“,,,
1497,Old_South_Arabian,NA,ğ©ªğ©£ğ©²,,,
1498,Amharic,NA,áˆ°áˆ›,,,
1499,Argobba,NA,áˆ°áˆ›,,,
1500,Gafat,NA,áˆ°áˆ˜,,,
1501,Ge'ez,NA,áˆ°áˆá‹,,,
1502,Sebat_Bet_Gurage,NA,áˆ°áˆ›,,,
1503,Harari,NA,áˆ°áˆ›á‹“,,,
1504,Tigre,NA,áˆ°áˆá‹“,,,
1505,Tigrinya,NA,áˆ°áˆá‹”,,,
1506,Proto-Semitic,NA,Å¡amn-,,,
1507,Akkadian,NA,ğ’‰Œğ’„‘,,,
1508,Arabic,NA,Ø³ÙÙ…Ù’Ù†,,,
1509,Aramaic,NA,×©×•××Ÿ,,,
1510,Aramaic,NA,×©×•×× ×,,,
1511,Hebrew,NA,×©Ö¶××Ö¶×Ÿ,,,
1512,Ugaritic,NA,ğŒğğ,,,
1513,Proto-Semitic,NA,Å¡amÄy-,,,
1514,Akkadian,NA,ğ’€­,,,
1515,Algerian_Arabic,NA,Ø³Ù…Ø§,,,
1516,Egyptian_Arabic,NA,Ø³Ù…Ø§,,,
1517,Gulf_Arabic,NA,Ø³Ù…Ø§,,,
1518,Hijazi_Arabic,NA,Ø³Ù…Ø§,,,
1519,Maltese,NA,sema,,,
1520,Moroccan_Arabic,NA,Ø³Ù…Ø§,,,
1521,South_Levantine_Arabic,NA,Ø³Ù…Ø§,,,
1522,Tunisian_Arabic,NA,Ø³Ù…Ø§,,,
1523,Lishana_Deni,NA,×©××™×”,,,
1524,Classical_Mandaic,NA,à¡”à¡…à¡Œà¡‰à¡€,,,
1525,Classical_Syriac,NA,Ü«Ü¡Ü°ÜÜ´İÜ,,,
1526,Hebrew,NA,×©Ö¸××Ö·×™Ö´×,,,
1527,Phoenician,NA,ğ¤”ğ¤Œğ¤Œ,,,
1528,Ugaritic,NA,ğŒğğ,,,
1529,Ugaritic,NA,ğŒğğŠğ,,,
1530,Sabaean,NA,ğ©ªğ©£ğ©ºğ©¬,,,
1531,Safaitic,NA,ğªŠğªƒğªš,,,
1532,Amharic,NA,áˆ°áˆ›á‹­,,,
1533,Ge'ez,NA,áˆ°áˆ›á‹­,,,
1534,Tigre,NA,áˆ»áˆ›áŠ ,,,
1535,Tigrinya,NA,áˆ°áˆ›á‹­,,,
1536,Proto-Semitic,NA,Å¡anat-,,,
1537,Akkadian,NA,ğ’ˆ¬,,,
1538,Egyptian_Arabic,NA,Ø³Ù†Ø©,,,
1539,Gulf_Arabic,NA,Ø³ÙÙ†ÙØ©,,,
1540,North_Levantine_Arabic,NA,Ø³Ù†Ù‡,,,
1541,Maltese,NA,sena,,,
1542,Afar,NA,sanÃ¡t,,,
1543,Azerbaijani,NA,sÉ™nÉ™,,,
1544,Bengali,NA,à¦¸à¦¨,,,
1545,Harsusi,NA,senet,,,
1546,Hindi,NA,à¤¸à¤¨à¥,,,
1547,Mehri,NA,Ø³Ù†ÙŠØª,,,
1548,Soqotri,NA,sanah,,,
1549,Tigre,NA,áˆ°áŠá‰µ,,,
1550,Turkish,NA,sene,,,
1551,Uzbek,NA,sana,,,
1552,Classical_Syriac,NA,Ü«Ü°Ü¢Ü¬Ü´İÜ,,,
1553,Assyrian_Neo-Aramaic,NA,Ü«Ü¹Ü¢İ‡Ü¬ÜµÜ,,,
1554,Chaldean_Neo-Aramaic,NA,Ü«Ü¹ÜÜ¬ÜµÜ,,,
1555,Chaldean_Neo-Aramaic,NA,Ü«Ü¢Ü,,,
1556,Lishana_Deni,NA,×©××ª×,,,
1557,Lishana_Deni,NA,×©× ×™×”,,,
1558,Hebrew,NA,×©Ö¸×× Ö¸×”,,,
1559,Moabite,NA,ğ¤”ğ¤•,,,
1560,Punic,NA,ğ¤”ğ¤•,,,
1561,Ugaritic,NA,ğŒğğš,,,
1562,Proto-Semitic,NA,Å¡awmÄn-,,,
1563,Akkadian,NA,ğ’‹¢ğ’Œğ’ˆ¬ğ’Œ,,,
1564,Arabic,NA,Ø­ÙÙ…ÙØ§Ù…,,,
1565,Amorite,NA,ğ’…€ğ’ˆ ğ’€€ğ’ˆ ,,,
1566,Emarite,NA,ğ’‰¿ğ’€œğ’Œˆ,,,
1567,Classical_Mandaic,NA,à¡‰à¡…à¡à¡€,,,
1568,Classical_Mandaic,NA,à¡‰à¡€à¡…à¡à¡€,,,
1569,Classical_Syriac,NA,ÜÜ°Ü˜Ü¢Ü³Ü,,,
1570,Arabic,NA,ÙŠÙÙ…ÙØ§Ù…,,,
1571,Arabic,NA,Ø­ÙÙ…ÙØ§Ù…,,,
1572,Hebrew,NA,×™×•Ö¹× Ö¸×”,,,
1573,Ugaritic,NA,ğŠğğš,,,
1574,Ge'ez,NA,á‹‹áŠ–áˆµ,,,
1575,Ge'ez,NA,á‹®áŠ“áˆµ,,,
1576,Proto-Semitic,NA,Å¡aá¸¥(a)r-,,,
1577,Akkadian,NA,ğ’€‰ğ’„˜ğ’£ğ’‚µ,,,
1578,Eblaite,NA,ğ’‹›ğ’‚—ğ’ˆ,,,
1579,Arabic,NA,Ø³ÙØ­ÙØ±,,,
1580,Hebrew,NA,×©Ö·××—Ö·×¨,,,
1581,Hebrew,NA,×©Ö·××—Ö·×¨,,,
1582,Ugaritic,NA,ğŒğˆğ—,,,
1583,Proto-Semitic,NA,Å¡idá¹¯-,,,
1584,Proto-Semitic,NA,Å¡ikar-,,,
1585,Akkadian,NA,ğ’‰,,,
1586,Arabic,NA,Ø³ÙÙƒÙØ±,,,
1587,Classical_Syriac,NA,Ü«Ü°ÜŸÜªÜ³Ü,,,
1588,Dutch,NA,cider,,,
1589,Japanese,NA,ã‚·ãƒ¼ãƒ‰ãƒ«,,,
1590,Breton,NA,chistr,,,
1591,Hebrew,NA,×¡Ö·×™Ö°×“Ö¶Ö¼×¨,,,
1592,Korean,NA,ì‚¬ì´ë‹¤,,,
1593,Welsh,NA,seidr,,,
1594,Proto-Semitic,NA,Å¡ilyat-,,,
1595,Akkadian,NA,silÄ«tu,,,
1596,Akkadian,NA,Å¡elÄ«tu,,,
1597,Akkadian,NA,Å¡alÄ«tu,,,
1598,Arabic,NA,Ø³ÙÙ„Ù‹Ù‰,,,
1599,Arabic,NA,Ø³ÙÙ„Ù‹Ø§,,,
1600,Arabic,NA,Ø³ÙÙ„ÙÙŠÙ„,,,
1601,Jewish_Literary_Aramaic,NA,×©Ö´××™×œÖ°×™Ö°×ªÖ¸×,,,
1602,Jewish_Literary_Aramaic,NA,×©Ö´××™×œÖ°×™Ö¸×,,,
1603,Jewish_Literary_Aramaic,NA,×¡Ö´×œÖ°×™Ö°×ªÖ¸×,,,
1604,Jewish_Literary_Aramaic,NA,×¡Ö´×™×œÖ°×ªÖ¸×,,,
1605,Jewish_Literary_Aramaic,NA,×©Ö°××œÖ´×™×œÖ¸×,,,
1606,Jewish_Literary_Aramaic,NA,×©Ö°××œÖ¼×•Ö¼×œÖ¸×,,,
1607,Jewish_Babylonian_Aramaic,NA,×©Ö´××œÖ°×™Ö°×™×ªÖ¸×,,,
1608,Classical_Syriac,NA,Ü«Ü°Ü ÜºÜÜ¬Ü³Ü,,,
1609,Classical_Mandaic,NA,à¡”à¡…à¡‹à¡‰à¡•à¡€,,,
1610,Arabic,NA,Ø³ÙÙ„ÙÙŠÙ„,,,
1611,Arabic,NA,Ø³ÙÙ„ÙÙŠÙ„ÙØ©,,,
1612,Arabic,NA,Ø´ÙÙ„ÙÙŠÙ„,,,
1613,Old_Armenian,NA,Õ·Õ¡Õ²Õ«Õ²,,,
1614,Old_Armenian,NA,Õ·Õ¡Õ²Õ¡Õ²,,,
1615,Hebrew,NA,×©Ö´××œÖ°×™Ö¸×”,,,
1616,Hebrew,NA,×©Ö¸××œÖ´×™×œ,,,
1617,Ge'ez,NA,áˆ°á‹­áˆ,,,
1618,Tigre,NA,áˆµáˆŒá‰µ,,,
1619,Tigrinya,NA,áˆ½áˆ,,,
1620,Tigrinya,NA,áˆ½áˆˆá‰µ,,,
1621,Amharic,NA,áˆ½áˆ,,,
1622,"ÄŒÃ¤ha,_Ã„Å¾a,_Ænor",NA,áˆºáˆ­áˆ­,,,
1623,GyÃ¤to,NA,áˆºáˆ­,,,
1624,MÃ¤sqan,NA,áˆ½áˆ,,,
1625,Muher,NA,áˆ½áˆ­,,,
1626,Proto-Semitic,NA,Å¡im,,,
1627,Akkadian,NA,ğ’‹³ğ’ˆ ,,,
1628,Arabic,NA,Ø¥ÙÙ†,,,
1629,Dadanitic,NA,ğª‘ğªŒ,,,
1630,Safaitic,NA,ğª‘ğªŒ,,,
1631,Classical_Syriac,NA,ÜÜ¢,,,
1632,Hebrew,NA,×Ö´×,,,
1633,Hebrew,NA,à €à Œ,,,
1634,Ugaritic,NA,ğ…ğ,,,
1635,Ugaritic,NA,ğ›ğ,,,
1636,Old_South_Arabian,NA,ğ© ğ©£,,,
1637,Old_South_Arabian,NA,ğ© ğ©£ğ©º,,,
1638,Old_South_Arabian,NA,ğ© ğ©£ğ©¥,,,
1639,Ge'ez,NA,áŠ¥áˆ,,,
1640,Ge'ez,NA,áŠ¥áˆ˜,,,
1641,Proto-Semitic,NA,Å¡im-,,,
1642,Akkadian,NA,ğ’ˆ¬,,,
1643,Arabic,NA,Ø§ÙØ³Ù’Ù…,,,
1644,Classical_Syriac,NA,Ü«Ü¡Ü³Ü,,,
1645,Hebrew,NA,×©Öµ××,,,
1646,Phoenician,NA,ğ¤”ğ¤Œ,,,
1647,Ugaritic,NA,ğŒğ,,,
1648,Old_South_Arabian,NA,ğ©ªğ©£,,,
1649,Amharic,NA,áˆµáˆ,,,
1650,Argobba,NA,áˆµáˆ,,,
1651,Ge'ez,NA,áˆµáˆ,,,
1652,Tigre,NA,áˆµáˆ,,,
1653,Tigrinya,NA,áˆµáˆ,,,
1654,Mehri,NA,ham,,,
1655,Soqotri,NA,Ø´Ø§Ù…,,,
1656,Proto-Semitic,NA,Å¡in,,,
1657,Akkadian,NA,ğ’…†ğ’ˆ¾,,,
1658,Arabic,NA,Ù‡ÙÙ†ÙÙ‘,,,
1659,Aramaic,NA,×”Öµ× Öµ×™×Ÿ,,,
1660,Aramaic,NA,××™× ×”×™,,,
1661,Hebrew,NA,×”Öµ×Ÿ,,,
1662,Phoenician,NA,ğ¤„ğ¤Œğ¤•,,,
1663,Ugaritic,NA,ğ…ğ,,,
1664,Shehri,NA,sÉ›n,,,
1665,Proto-Semitic,NA,Å¡inn-,,,
1666,Akkadian,NA,ğ’…—,,,
1667,Eblaite,NA,ğ’‹›ğ’‰¡ğ’Œ,,,
1668,Eblaite,NA,ğ’‹›ğ’ˆ¾ğ’Œˆ,,,
1669,Gulf_Arabic,NA,Ø³ÙÙ†Ù‘,,,
1670,Maltese,NA,sinna,,,
1671,Moroccan_Arabic,NA,Ø³Ù†Ø©,,,
1672,South_Levantine_Arabic,NA,Ø³Ù†,,,
1673,Classical_Syriac,NA,Ü«ÜºÜ¢Ü³Ü,,,
1674,Israeli_Hebrew,NA,×©Öµ××Ÿ,,,
1675,Ugaritic,NA,ğŒğ,,,
1676,Tigrinya,NA,áˆµáŠ’,,,
1677,Argobba,NA,áˆµáŠ•,,,
1678,Ge'ez,NA,áˆµáŠ•,,,
1679,Harari,NA,áˆµáŠ•,,,
1680,Proto-Semitic,NA,Å¡iÊ”a,,,
1681,Akkadian,NA,ğ’…†ğ’„¿,,,
1682,Chadian_Arabic,NA,Ù‡ÙŠ,,,
1683,Egyptian_Arabic,NA,Ù‡ÙŠ,,,
1684,Gulf_Arabic,NA,Ø§ÙÙ‡Ù’ÙŠÙ,,,
1685,Hijazi_Arabic,NA,Ù‡ÙÙŠÙÙ‘,,,
1686,Maltese,NA,hija,,,
1687,Maltese,NA,hi,,,
1688,Moroccan_Arabic,NA,Ù‡ÙŠ,,,
1689,Tunisian_Arabic,NA,Ù‡ÙŠ,,,
1690,Classical_Syriac,NA,Ü—ÜºÜ,,,
1691,Hebrew,NA,×”Ö´×™×,,,
1692,Phoenician,NA,ğ¤„ğ¤€,,,
1693,Ugaritic,NA,ğ…ğŠ,,,
1694,Proto-Semitic,NA,Å¡um,,,
1695,Akkadian,NA,ğ’‹—ğ’‰¡,,,
1696,Arabic,NA,Ù‡ÙÙ…Ù’,,,
1697,Aramaic,NA,×”Öµ× ×•Ö¹×Ÿ,,,
1698,Aramaic,NA,××™× ×”×•,,,
1699,Hebrew,NA,×”Öµ×,,,
1700,Phoenician,NA,ğ¤„ğ¤Œğ¤•,,,
1701,Ugaritic,NA,ğ…ğ,,,
1702,Shehri,NA,Å¡um,,,
1703,Proto-Semitic,NA,Å¡u(n)bulat-,,,
1704,Akkadian,NA,ğ’‹—ğ’ğ’ŒŒğ’Œˆ,,,
1705,Arabic,NA,Ø³ÙÙ†Ù’Ø¨ÙÙ„ÙØ©,,,
1706,Aramaic,NA,×©××•Ö¼×‘Ö·Ö¼×œÖ°×ªÖ¸Ö¼×,,,
1707,Israeli_Hebrew,NA,×©×™×‘×•×œ×ª,,,
1708,Ugaritic,NA,ğŒğğğš,,,
1709,Old_South_Arabian,NA,ğ©ªğ©¨ğ©¡ğ©©,,,
1710,Proto-Semitic,NA,Å¡urÅ¡-,,,
1711,Akkadian,NA,ğ’¼,,,
1712,Arabic,NA,Ø´ÙØ±Ù’Ø´,,,
1713,Arabic,NA,Ø´ÙØ±Ù’Ø´,,,
1714,Hebrew,NA,×©Ö¹××¨Ö¶×©×,,,
1715,Proto-Berber,NA,â´°âµ¥âµ“âµ”,,,
1716,Ugaritic,NA,ğŒğ—ğŒ,,,
1717,Minaean,NA,ğ©¦ğ©§ğ©ª,,,
1718,Qatabanian,NA,ğ©¦ğ©§ğ©ª,,,
1719,Sabaean,NA,ğ©¦ğ©§ğ©ª,,,
1720,Ge'ez,NA,áˆ¥áˆ­á‹,,,
1721,Ge'ez,NA,áˆµáˆ­á‹Œ,,,
1722,Ge'ez,NA,áˆ¥áˆ­,,,
1723,Ge'ez,NA,áˆ¡áˆ­,,,
1724,Ge'ez,NA,áˆ áˆ­á‹Œ,,,
1725,Tigre,NA,áˆ¥áˆ­,,,
1726,Tigrinya,NA,áˆ¥áˆ­,,,
1727,Tigrinya,NA,áˆ¡áˆ­,,,
1728,Amharic,NA,áˆ¥áˆ­,,,
1729,Argobba,NA,áˆ¥áˆ¬á‹µ,,,
1730,Gafat,NA,áˆ¥áˆ­,,,
1731,Gafat,NA,áˆ¥áˆ¬á‰µ,,,
1732,Sebat_Bet_Gurage,NA,áˆ¥áˆ­,,,
1733,Harari,NA,áˆ¥áˆ­,,,
1734,Shehri,NA,ÅÃ­rÉ”Ìá¸«,,,
1735,Soqotri,NA,Åeraá¸¥,,,
1736,Proto-Semitic,NA,Å¡uÊ”a,,,
1737,Akkadian,NA,ğ’‹—ğ’Œ‘,,,
1738,Arabic,NA,Ù‡ÙÙˆÙ,,,
1739,Classical_Syriac,NA,Ü—Ü½Ü˜,,,
1740,Hebrew,NA,×”×•Ö¼×,,,
1741,Phoenician,NA,ğ¤„ğ¤€,,,
1742,Ugaritic,NA,ğ…ğ†,,,
1743,Proto-Semitic,NA,Ê”abay-,,,
1744,Akkadian,NA,ğ’ğ’€ªğ’„¿ğ’Œˆ,,,
1745,Arabic,NA,Ø£ÙØ¨ÙÙ‰,,,
1746,Hebrew,NA,×Ö¸×‘Ö¸×”,,,
1747,Ge'ez,NA,áŠ á‰ á‹¨,,,
1748,Ge'ez,NA,áŠ á‰¥á‹¨,,,
1749,Tigre,NA,áŠ á‰£,,,
1750,Tigrinya,NA,áŠ á‰ á‹¨,,,
1751,Amharic,NA,áŠ£á‰ á‹¨,,,
1752,Gurage,NA,áŠ¤á‰ ,,,
1753,Egyptian,NA,êœ£bj,,,
1754,Proto-Semitic,NA,Ê”abn-,,,
1755,Akkadian,NA,ğ’,,,
1756,Classical_Syriac,NA,ÜÜ°Ü’Ü¢Ü³Ü,,,
1757,Hebrew,NA,×Ö¶×‘Ö¶×Ÿ,,,
1758,Punic,NA,ğ¤€ğ¤ğ¤,,,
1759,Ugaritic,NA,ğ€ğğ,,,
1760,Minaean,NA,ğ©±ğ©¨ğ©¬,,,
1761,Qatabanian,NA,ğ©±ğ©¨ğ©¬,,,
1762,Sabaean,NA,ğ©±ğ©¨ğ©¬,,,
1763,Ge'ez,NA,áŠ¥á‰¥áŠ•,,,
1764,Harari,NA,áŠ¡áŠ•,,,
1765,Tigre,NA,áŠ¥á‰¥áŠ•,,,
1766,Tigrinya,NA,áŠ¥áˆáŠ’,,,
1767,Soqotri,NA,Ø£Ø£Ø¨Ù†,,,
1768,Proto-Semitic,NA,Ê”abw-,,,
1769,Proto-Semitic,NA,Ê”ahl-,,,
1770,Akkadian,NA,ğ’Œ·,,,
1771,Eblaite,NA,ğ’€€ğ’‚ğ’ˆ¤,,,
1772,Judeo-Arabic,NA,××”×œ,,,
1773,Afar,NA,Ã¡hli,,,
1774,Afar,NA,ahÃ¡li,,,
1775,Hatran_Aramaic,NA,ğ£ ğ£¤ğ£«,,,
1776,Christian_Palestinian_Aramaic,NA,ÜÜ—Ü ,,,
1777,Azerbaijani,NA,É™hl,,,
1778,Persian,NA,Ø§Ù‡Ù„,,,
1779,Sindhi,NA,Ø§Ù‡Ù„,,,
1780,Swahili,NA,ahali,,,
1781,Ottoman_Turkish,NA,Ø§Ù‡Ù„,,,
1782,Uzbek,NA,ahl,,,
1783,Uyghur,NA,Ø¦Û•Ú¾Ù„,,,
1784,Akkadian,NA,ğ’€ªğ’‡»,,,
1785,Hebrew,NA,×Ö·×”Ö¶×œ,,,
1786,Hebrew,NA,×Ö¹×”Ö¶×œ,,,
1787,Phoenician,NA,ğ¤€ğ¤„ğ¤‹,,,
1788,Ugaritic,NA,ğ€ğ…ğ,,,
1789,Minaean,NA,ğ©±ğ© ğ©¡,,,
1790,Qatabanian,NA,ğ©±ğ© ğ©¡,,,
1791,Sabaean,NA,ğ©±ğ© ğ©¡,,,
1792,Dadanitic,NA,ğª‘ğª€ğª,,,
1793,Safaitic,NA,ğª‘ğª,,,
1794,Thamudic,NA,ğª‘ğª€ğª,,,
1795,Thamudic,NA,ğª‘ğª,,,
1796,Egyptian,NA,jhjr,,,
1797,Proto-Semitic,NA,Ê”ak-,,,
1798,Akkadian,NA,ğ’€ğ’†ªğ’Œ‘,,,
1799,Classical_Syriac,NA,ÜŸÜ±İÜ˜ÜŸİÜ’Ü°Ü,,,
1800,Hebrew,NA,××•Ö¹×—Ö·,,,
1801,Amharic,NA,áŒ‰áŒ‰á‰µ,,,
1802,Ge'ez,NA,áŠ³áŠ³,,,
1803,Tigrinya,NA,áŠ³áŠµ,,,
1804,Proto-Semitic,NA,Ê”akal-,,,
1805,Akkadian,NA,ğ’…¥,,,
1806,Egyptian_Arabic,NA,Ø£ÙƒÙ„,,,
1807,Gulf_Arabic,NA,ÙƒÙ„Ù‰,,,
1808,Gulf_Arabic,NA,ÙƒÙÙ„ÙØ§,,,
1809,Maltese,NA,kiel,,,
1810,Moroccan_Arabic,NA,ÙƒØ§Ù„,,,
1811,Moroccan_Arabic,NA,ÙƒÙ„Ù‰,,,
1812,South_Levantine_Arabic,NA,Ø£ÙƒÙ„,,,
1813,Classical_Syriac,NA,ÜÜ¶ÜŸÜ°Ü ,,,
1814,Hebrew,NA,×Ö¸×›Ö·×œ,,,
1815,Phoenician,NA,ğ¤€ğ¤Šğ¤‹,,,
1816,Ugaritic,NA,ğ€ğ‹ğ,,,
1817,Proto-Semitic,NA,Ê”alp-,,,
1818,Azerbaijani,NA,É™lif,,,
1819,Iranian_Persian,NA,Ø§ÙÙ„ÙÙ,,,
1820,Tajik,NA,Ğ°Ğ»Ğ¸Ñ„,,,
1821,Uzbek,NA,alif,,,
1822,Classical_Syriac,NA,ÜÜ°Ü Ü¦Ü´İÜ,,,
1823,Hebrew,NA,×Ö¶×œÖ¶×£,,,
1824,Moabite,NA,ğ¤€ğ¤‹ğ¤,,,
1825,Punic,NA,ğ¤€ğ¤‹ğ¤,,,
1826,Ugaritic,NA,ğ€ğğ”,,,
1827,Old_South_Arabian,NA,ğ©±ğ©¡ğ©°,,,
1828,Amharic,NA,áŠ¥áˆá,,,
1829,Ge'ez,NA,áŠ¥áˆá,,,
1830,Harari,NA,áŠ áˆáŠ,,,
1831,Tigre,NA,áŠ¥áˆá,,,
1832,Tigrinya,NA,áŠ¥áˆáŠ,,,
1833,Proto-Semitic,NA,Ê”amat-,,,
1834,Akkadian,NA,ğ’Š©ğ’†³,,,
1835,Arabic,NA,Ø£ÙÙ…ÙØ©,,,
1836,Classical_Mandaic,NA,à¡€à¡Œà¡•à¡€,,,
1837,Classical_Syriac,NA,ÜÜ°Ü¡Ü¬Ü³Ü,,,
1838,Hebrew,NA,×Ö¸×Ö¸×”,,,
1839,Phoenician,NA,ğ¤€ğ¤Œğ¤•,,,
1840,Ugaritic,NA,ğ€ğğš,,,
1841,Sabaean,NA,ğ©±ğ©£ğ©©,,,
1842,Qatabanian,NA,ğ©±ğ©£ğ©©,,,
1843,Amharic,NA,áŠ áˆ˜á‰µ,,,
1844,Tigre,NA,áŠ áˆ˜á‰µ,,,
1845,Proto-Semitic,NA,Ê”anp-,,,
1846,Akkadian,NA,ğ’€Šğ’,,,
1847,Moroccan_Arabic,NA,Ù†ÙŠÙ,,,
1848,Ottoman_Turkish,NA,Ø§Ù†Ù,,,
1849,Classical_Syriac,NA,ÜÜ°Ü¦Ü·İÜ,,,
1850,Hebrew,NA,×Ö·×£,,,
1851,Ugaritic,NA,ğ€ğ”,,,
1852,Minaean,NA,ğ©±ğ©¬ğ©°,,,
1853,Sabaean,NA,ğ©±ğ©°,,,
1854,Sabaean,NA,ğ©±ğ©±ğ©¬ğ©°,,,
1855,Gafat,NA,áŠ£áˆ,,,
1856,Ge'ez,NA,áŠ áŠ•á,,,
1857,Harari,NA,áŠ¡á,,,
1858,Tigre,NA,áŠ£áŠ•á,,,
1859,Tigrinya,NA,áŠ£áŠ•áŠ,,,
1860,Proto-Semitic,NA,Ê”anta,,,
1861,Akkadian,NA,ğ’€œğ’‹«,,,
1862,Arabic,NA,Ø£ÙÙ†Ù’ØªÙ,,,
1863,Classical_Syriac,NA,İÜÜ°Ü¢Ü¬,,,
1864,Turoyo,NA,Ü—Ü°Ü¬,,,
1865,Hebrew,NA,×Ö·×ªÖ¸Ö¼×”,,,
1866,Punic,NA,ğ¤€ğ¤•,,,
1867,Ugaritic,NA,ğ€ğš,,,
1868,Amharic,NA,áŠ áŠ•á‰°,,,
1869,Ge'ez,NA,áŠ áŠ•á‰°,,,
1870,Proto-Semitic,NA,Ê”anti,,,
1871,Akkadian,NA,ğ’€œğ’‹¾,,,
1872,Arabic,NA,Ø£ÙÙ†Ù’ØªÙ,,,
1873,Classical_Syriac,NA,ÜÜ°Ü¢Ü¬Ü»İÜ,,,
1874,Classical_Syriac,NA,İÜÜ°Ü¢Ü¬,,,
1875,Hebrew,NA,×Ö·×ªÖ°Ö¼,,,
1876,Punic,NA,ğ¤€ğ¤•,,,
1877,Ugaritic,NA,ğ€ğš,,,
1878,Amharic,NA,áŠ áŠ•á‰º,,,
1879,Ge'ez,NA,áŠ áŠ•á‰²,,,
1880,Proto-Semitic,NA,Ê”antin,,,
1881,Akkadian,NA,ğ’€œğ’‹¾ğ’ˆ¾,,,
1882,Arabic,NA,Ø£ÙÙ†Ù’ØªÙÙ†ÙÙ‘,,,
1883,Classical_Syriac,NA,ÜÜºÜ¢Ü¬Ü·İÜÜ¢,,,
1884,Hebrew,NA,×Ö·×ªÖ¶Ö¼×Ÿ,,,
1885,Ge'ez,NA,áŠ áŠ•á‰µáŠ•,,,
1886,Proto-Semitic,NA,Ê”antum,,,
1887,Akkadian,NA,ğ’€œğ’Œ…ğ’‰¡,,,
1888,Arabic,NA,Ø£ÙÙ†Ù’ØªÙÙ…Ù’,,,
1889,Classical_Syriac,NA,ÜÜ°Ü¢Ü¬Ü¾İÜ˜Ü¢,,,
1890,Hebrew,NA,×Ö·×ªÖ¶Ö¼×,,,
1891,Phoenician,NA,ğ¤€ğ¤•ğ¤Œ,,,
1892,Ugaritic,NA,ğ€ğšğ,,,
1893,Ge'ez,NA,áŠ áŠ•á‰µáˆ™,,,
1894,Proto-Semitic,NA,Ê”anÄku,,,
1895,Akkadian,NA,ğ’€€ğ’ˆ¾ğ’†ª,,,
1896,Israeli_Hebrew,NA,×Ö¸× Ö¹×›Ö´×™,,,
1897,Moabite,NA,ğ¤€ğ¤ğ¤Š,,,
1898,Punic,NA,ğ¤€ğ¤ğ¤Š,,,
1899,Punic,NA,ğ¤€ğ¤ğ¤Šğ¤‰,,,
1900,Ugaritic,NA,ğ€ğğ‹,,,
1901,Proto-Semitic,NA,Ê”apÊ•aw-,,,
1902,Eblaite,NA,ğ’‰Œğ’€ğ’…‡ğ’Œ,,,
1903,Arabic,NA,Ø£ÙÙÙ’Ø¹Ù‹Ù‰,,,
1904,Hebrew,NA,×Ö¶×¤Ö°×¢Ö¶×”,,,
1905,Ugaritic,NA,ğ€ğ”ğ“,,,
1906,Amharic,NA,áŠ¥á‰áŠá‰µ,,,
1907,Amharic,NA,á‰áŠá‰µ,,,
1908,Amharic,NA,áŠ¥ááŠá‰µ,,,
1909,Amharic,NA,ááŠá‰µ,,,
1910,Amharic,NA,áŠ¥áˆá‰á‰µ,,,
1911,Ge'ez,NA,áŠ áá‹–á‰µ,,,
1912,Harari,NA,áˆ’áŠáŠ,,,
1913,Tigrinya,NA,áŠ áá‹‘á‰µ,,,
1914,Tigrinya,NA,áŠ áá‹–á‰µ,,,
1915,Tigre,NA,áŠ áá‹–á‰µ,,,
1916,Awngi,NA,áŠ á‰á‹ˆ,,,
1917,Proto-Semitic,NA,Ê”arbaÊ•-,,,
1918,Akkadian,NA,ğ’‰,,,
1919,Egyptian_Arabic,NA,Ø£Ø±Ø¨Ø¹Ø©,,,
1920,Maltese,NA,erbgÄ§a,,,
1921,Moroccan_Arabic,NA,Ø±Ø¨Ø¹Ø©,,,
1922,Moroccan_Arabic,NA,Ø£Ø±Ø¨Ø¹Ø©,,,
1923,Dadanitic,NA,ğª‘ğª‡ğªˆğª’,,,
1924,Classical_Syriac,NA,ÜÜ°ÜªÜ’İÜ¥Ü³Ü,,,
1925,Hebrew,NA,×Ö·×¨Ö°×‘Ö¸Ö¼×¢Ö¸×”,,,
1926,Phoenician,NA,ğ¤€ğ¤“ğ¤ğ¤ğ¤•,,,
1927,Ugaritic,NA,ğ€ğ—ğğ“ğš,,,
1928,Safaitic,NA,ğª‘ğª‡ğªˆğª’,,,
1929,Safaitic,NA,ğª‘ğª‡ğªˆğª’ğª‰,,,
1930,Amharic,NA,áŠ áˆ«á‰µ,,,
1931,Ge'ez,NA,áŠ áˆ­á‰ á‹•á‰±,,,
1932,Tigre,NA,áŠ áˆ­á‰ á‹•,,,
1933,Tigrinya,NA,áŠ£áˆ­á‰£á‹•á‰°,,,
1934,Georgian,NA,áƒ áƒ•áƒ,,,
1935,Laz,NA,áƒáƒ•áƒ áƒ,,,
1936,Laz,NA,áƒáƒ áƒ•áƒ,,,
1937,Laz,NA,Lome,,,
1938,Mingrelian,NA,áƒ áƒ£áƒ,,,
1939,Mingrelian,NA,áƒ‘áƒ áƒ£áƒ,,,
1940,Svan,NA,áƒáƒ áƒ,,,
1941,Proto-Semitic,NA,Ê”arway-,,,
1942,Akkadian,NA,ğ’€‰ğ’„·,,,
1943,Classical_Syriac,NA,ÜÜ°ÜªÜÜÜ³Ü,,,
1944,Classical_Syriac,NA,ÜÜ°ÜªÜÜ³Ü,,,
1945,Classical_Syriac,NA,ÜÜ°ÜªÜÜ½Ü˜Ü¬Ü³Ü,,,
1946,Assyrian_Neo-Aramaic,NA,ÜÜªÜÜ,,,
1947,Assyrian_Neo-Aramaic,NA,ÜÜªÜÜÜ¬Ü,,,
1948,Hebrew,NA,×Ö·×¨Ö°×™Öµ×”,,,
1949,Hebrew,NA,×Ö²×¨Ö´×™,,,
1950,Phoenician,NA,ğ¤€ğ¤“ğ¤…,,,
1951,Ugaritic,NA,ğ€ğ—ğ†,,,
1952,Amharic,NA,áŠ á‹áˆ¬,,,
1953,Ge'ez,NA,áŠ áˆ­á‹Œ,,,
1954,Tigrinya,NA,áŠ á‹áˆ¬,,,
1955,Old_Armenian,NA,Õ¡Õ¼Õ«Ö‚Õ®,,,
1956,Proto-Semitic,NA,Ê”ará¸«-,,,
1957,Akkadian,NA,ğ’€–,,,
1958,Arabic,NA,Ø£ÙØ±Ù’Ø®,,,
1959,Arabic,NA,Ø¥ÙØ±Ù’Ø®,,,
1960,Ammonite,NA,ğ¤€ğ¤“ğ¤‡,,,
1961,Ugaritic,NA,ğ€ğ—ğƒ,,,
1962,Soqotri,NA,Ê”ará¸¥,,,
1963,Tigrinya,NA,áŠ£áˆ­áˆ’,,,
1964,Tigrinya,NA,áŠ£áˆ­áˆ“,,,
1965,Proto-Semitic,NA,Ê”ará¹£Ì-,,,
1966,Akkadian,NA,ğ’† ,,,
1967,Gulf_Arabic,NA,Ø§Ø±Ø¶,,,
1968,Maltese,NA,art,,,
1969,Afar,NA,Ã¡rdi,,,
1970,Somali,NA,arli,,,
1971,Swahili,NA,ardhi,,,
1972,Zazaki,NA,erd,,,
1973,Northern_Kurdish,NA,erd,,,
1974,Turkish,NA,arz,,,
1975,Persian,NA,Ø§Ø±Ø¶,,,
1976,Classical_Syriac,NA,ÜÜ°ÜªÜ¥Ü³Ü,,,
1977,Hebrew,NA,×Ö¶×¨Ö¶×¥,,,
1978,Moabite,NA,ğ¤€ğ¤“ğ¤‘,,,
1979,Punic,NA,ğ¤€ğ¤“ğ¤‘,,,
1980,Ugaritic,NA,ğ€ğ—ğ•,,,
1981,Hadrami,NA,ğ©±ğ©§ğ©³,,,
1982,Minaean,NA,ğ©±ğ©§ğ©³,,,
1983,Qatabanian,NA,ğ©±ğ©§ğ©³,,,
1984,Sabaean,NA,ğ©±ğ©§ğ©³,,,
1985,Shehri,NA,Ê¾É›ráº“Ì‚,,,
1986,Egyptian,NA,rá¹¯nw,,,
1987,Proto-Semitic,NA,Ê”asar-,,,
1988,Akkadian,NA,ğ’‚Šğ’‹›ğ’Š’,,,
1989,Arabic,NA,Ø£ÙØ³ÙØ±Ù,,,
1990,Classical_Syriac,NA,ÜÜ¶Ü£Ü°Üª,,,
1991,Hebrew,NA,×Ö¸×¡Ö·×¨,,,
1992,Ugaritic,NA,ğ€ğ’ğ—,,,
1993,Amharic,NA,áŠ áˆ°áˆ¨,,,
1994,Amharic,NA,áŠ áˆ áˆ¨,,,
1995,Ge'ez,NA,áŠ áˆ°áˆ¨,,,
1996,Tigrinya,NA,áŠ£áˆ°áˆ¨,,,
1997,Proto-Semitic,NA,Ê”asÄ«r-,,,
1998,Hurrian,NA,ğ’Šğ’‹›ğ’Š‘,,,
1999,Arabic,NA,Ø£ÙØ³ÙÙŠØ±,,,
2000,Classical_Syriac,NA,ÜÜ°Ü£ÜºÜÜªÜ³Ü,,,
2001,Hebrew,NA,×Ö¸×¡Ö´×™×¨,,,
2002,Ugaritic,NA,ğ€ğ’ğ—,,,
2003,Amharic,NA,áŠ¥áˆµáˆ­,,,
2004,Tigrinya,NA,áŠ¥áˆ±áˆ­,,,
2005,Proto-Semitic,NA,Ê”atÄn-,,,
2006,Akkadian,NA,ğ’Š©ğ’€²,,,
2007,Arabic,NA,Ø£ÙØªÙØ§Ù†,,,
2008,Aramaic,NA,×Ö²×ªÖ¸× Ö¸×,,,
2009,Aramaic,NA,×Ö·×ªÖ¸Ö¼× Ö¸×,,,
2010,Hebrew,NA,×Ö¸×ª×•Ö¹×Ÿ,,,
2011,Ugaritic,NA,ğ€ğšğğš,,,
2012,Proto-Semitic,NA,Ê”aw,,,
2013,Akkadian,NA,ğ’…‡,,,
2014,Akkadian,NA,*wa,,,
2015,Arabic,NA,Ø£ÙÙˆ,,,
2016,Classical_Syriac,NA,ÜÜ˜,,,
2017,Hebrew,NA,××•Ö¹,,,
2018,Ugaritic,NA,ğœ,,,
2019,Qatabanian,NA,ğ©±ğ©¥,,,
2020,Sabaean,NA,ğ©±ğ©¥,,,
2021,Proto-Semitic,NA,Ê”ayy-,,,
2022,Akkadian,NA,ğ’€€ğ’€€ğ’Œ‘ğ’Œ,,,
2023,Arabic,NA,Ø£ÙÙŠÙ‘,,,
2024,Jewish_Babylonian_Aramaic,NA,×Ö·×™Ö°× Ö¸×,,,
2025,Classical_Syriac,NA,ÜÜ°ÜÜ¢Ü³Ü,,,
2026,Hebrew,NA,×Öµ×™,,,
2027,Hebrew,NA,×Ö·×™ÖµÖ¼×”,,,
2028,Hebrew,NA,×Öµ×™×–Ö¶×”,,,
2029,Hebrew,NA,×Öµ×™×¤Ö¹×”,,,
2030,Hebrew,NA,×”Öµ×™×›Ö¸×Ÿ,,,
2031,Hebrew,NA,×Öµ×™×Ö¸×ªÖ·×™,,,
2032,Hebrew,NA,×›ÖµÖ¼×™×¦Ö·×“,,,
2033,Hebrew,NA,×Öµ×™×š,,,
2034,Ugaritic,NA,ğ›ğŠ,,,
2035,Ugaritic,NA,ğ›,,,
2036,Minaean,NA,ğ©±ğ©º,,,
2037,Qatabanian,NA,ğ©±ğ©º,,,
2038,Sabaean,NA,ğ©±ğ©º,,,
2039,Ge'ez,NA,áŠ á‹­,,,
2040,Tigre,NA,áŠ á‹ª,,,
2041,Tigrinya,NA,-áŠ á‹­,,,
2042,Proto-Semitic,NA,Ê”ayyal-,,,
2043,Akkadian,NA,ğ’°ğ’ˆ¦,,,
2044,Maltese,NA,ajl,,,
2045,Classical_Persian,NA,Ø§ÛŒÙ„,,,
2046,Classical_Syriac,NA,ÜÜ°ÜÜ Ü³Ü,,,
2047,Hebrew,NA,×Ö·×™Ö¸Ö¼×œ,,,
2048,Hebrew,NA,×Ö·×™Ö´×œ,,,
2049,Phoenician,NA,ğ¤€ğ¤‰ğ¤‹,,,
2050,Ugaritic,NA,ğ€ğŠğ,,,
2051,Old_South_Arabian,NA,ğ©±ğ©ºğ©¡,,,
2052,Ge'ez,NA,áˆ€á‹¨áˆ,,,
2053,Ge'ez,NA,áŠ€á‹¨áˆ,,,
2054,Coptic,NA,â²‰â²“â²Ÿâ²©â²—,,,
2055,Old_Armenian,NA,Õ¡Õ¶Õ¡Õ¬Õ¸Ö‚Õ©,,,
2056,Proto-Semitic,NA,Ê”aá¸¥ad-,,,
2057,Akkadian,NA,ğ’€¸,,,
2058,Arabic,NA,Ø£ÙØ­ÙØ¯,,,
2059,Arabic,NA,Ø¥ÙØ­Ù’Ø¯ÙÙ‰,,,
2060,Classical_Syriac,NA,ÜšÜ°Ü•,,,
2061,Classical_Syriac,NA,ÜšÜ•Ü³Ü,,,
2062,Turoyo,NA,ÜšÜ°Ü,,,
2063,Israeli_Hebrew,NA,×Ö¶×—Ö¸×“,,,
2064,Israeli_Hebrew,NA,×Ö·×—Ö·×ª,,,
2065,Ugaritic,NA,ğ€ğˆğ„,,,
2066,Ugaritic,NA,ğ€ğˆğš,,,
2067,Amharic,NA,áŠ áŠ•á‹µ,,,
2068,Ge'ez,NA,áŠ áˆá‹±,,,
2069,Ge'ez,NA,áŠ áˆá‰²,,,
2070,Tigre,NA,áˆá‰´,,,
2071,Tigrinya,NA,áˆ“á‹°,,,
2072,Proto-Semitic,NA,Ê”aá¸«aá¸-,,,
2073,Akkadian,NA,ğ’†ª,,,
2074,Egyptian_Arabic,NA,Ø£Ø®Ø¯,,,
2075,Egyptian_Arabic,NA,Ø®Ø¯,,,
2076,Gulf_Arabic,NA,Ø®Ø°Ø§,,,
2077,Maltese,NA,Ä§a,,,
2078,Moroccan_Arabic,NA,Ø®Ø§Ø¯,,,
2079,Moroccan_Arabic,NA,Ø®Ø¯Ù‰,,,
2080,Classical_Syriac,NA,ÜÜ¶ÜšÜ°Ü•,,,
2081,Hebrew,NA,×Ö¸×—Ö·×–,,,
2082,Ugaritic,NA,ğ€ğƒğ,,,
2083,Sabaean,NA,ğ©±ğ©­ğ©¹,,,
2084,Proto-Semitic,NA,Ê”aá¸«w-,,,
2085,Akkadian,NA,ğ’‹€,,,
2086,Gulf_Arabic,NA,Ø£Ø®Ùˆ,,,
2087,Maltese,NA,Ä§u,,,
2088,Moroccan_Arabic,NA,Ø£Ø®,,,
2089,Moroccan_Arabic,NA,Ø®Ùˆ,,,
2090,Moroccan_Arabic,NA,Ø®Ø§,,,
2091,Malayalam,NA,à´‡à´•àµà´•,,,
2092,Portuguese,NA,LafÃµes,,,
2093,Classical_Syriac,NA,ÜÜ°ÜšÜ³Ü,,,
2094,Hebrew,NA,×Ö¸×—,,,
2095,Punic,NA,ğ¤€ğ¤‡,,,
2096,Ugaritic,NA,ğ€ğƒ,,,
2097,Hadrami,NA,ğ©±ğ©­,,,
2098,Minaean,NA,ğ©±ğ©­,,,
2099,Qatabanian,NA,ğ©±ğ©­,,,
2100,Sabaean,NA,ğ©±ğ©­,,,
2101,Argobba,NA,áŠ áˆ…,,,
2102,Ge'ez,NA,áŠ¥áŠ,,,
2103,Ge'ez,NA,áŠ áŠ€á‹,,,
2104,Harari,NA,áŠ¥áˆ•,,,
2105,Tigre,NA,áˆ‘,,,
2106,Tigrinya,NA,áˆ“á‹ˆ,,,
2107,Proto-Semitic,NA,Ê”aá¸«wat-,,,
2108,Akkadian,NA,ğ’,,,
2109,Maltese,NA,oÄ§t,,,
2110,Classical_Syriac,NA,ÜšÜ³Ü¬Ü³Ü,,,
2111,Hebrew,NA,×Ö¸×—×•Ö¹×ª,,,
2112,Phoenician,NA,ğ¤€ğ¤‡ğ¤•,,,
2113,Ugaritic,NA,ğ€ğƒğš,,,
2114,Old_South_Arabian,NA,ğ©±ğ©­ğ©©,,,
2115,Amharic,NA,áŠ¥áŠ…á‰µ,,,
2116,Amharic,NA,áŠ¥á‰µ,,,
2117,Ge'ez,NA,áŠ¥áŠ…á‰µ,,,
2118,Tigre,NA,áˆ•á‰µ,,,
2119,Tigrinya,NA,áˆ“á‹á‰²,,,
2120,Proto-Semitic,NA,Ê”aá¹¯ar-,,,
2121,Akkadian,NA,ğ’† ,,,
2122,Arabic,NA,Ø£ÙØ«ÙØ±,,,
2123,Classical_Syriac,NA,ÜÜ°Ü¬ÜªÜ³Ü,,,
2124,Hebrew,NA,×Ö²×©Ö¶××¨,,,
2125,Hebrew,NA,relativizer,,,
2126,Ugaritic,NA,ğ€ğ˜ğ—,,,
2127,Ge'ez,NA,áŠ áˆ°áˆ­,,,
2128,Ge'ez,NA,áŠ áˆ áˆ­,,,
2129,Proto-Semitic,NA,Ê”il-,,,
2130,Akkadian,NA,ğ’€­,,,
2131,Arabic,NA,Ø¥ÙÙ„Ù‘,,,
2132,Aramaic,NA,à €à ¢à ‹,,,
2133,Aramaic,NA,à €à œà ‹à  à „,,,
2134,Aramaic,NA,à €à à ‹à ¦à „à ‰à ™à à Œà ¬,,,
2135,Ammonite,NA,ğ¤€ğ¤‹ğ¤Œ,,,
2136,Hebrew,NA,×Öµ×œ,,,
2137,Phoenician,NA,ğ¤€ğ¤‹,,,
2138,Phoenician,NA,ğ¤€ğ¤‹ğ¤•,,,
2139,Phoenician,NA,ğ¤€ğ¤‹ğ¤Œ,,,
2140,Ugaritic,NA,ğ›ğ,,,
2141,Ugaritic,NA,ğ›ğğš,,,
2142,Old_South_Arabian,NA,ğ©±ğ©¡,,,
2143,Proto-Semitic,NA,Ê”imm-,,,
2144,Akkadian,NA,ğ’‚¼,,,
2145,Maltese,NA,omm,,,
2146,Malayalam,NA,à´‰à´®àµà´®,,,
2147,Coptic,NA,â²â²™â²,,,
2148,Hebrew,NA,×Ö´×Ö¸Ö¼×,,,
2149,Hebrew,NA,×Öµ×,,,
2150,Punic,NA,ğ¤€ğ¤Œ,,,
2151,Ugaritic,NA,ğœğ,,,
2152,Minaean,NA,ğ©±ğ©£,,,
2153,Qatabanian,NA,ğ©±ğ©£,,,
2154,Sabaean,NA,ğ©±ğ©£,,,
2155,Amharic,NA,áŠ¥áˆ›á‹¬,,,
2156,Amharic,NA,áŠ¥áˆ›,,,
2157,Argobba,NA,áŠ¥áˆ,,,
2158,Ge'ez,NA,áŠ¥áˆ,,,
2159,Tigre,NA,áŠ¥áˆ,,,
2160,Proto-Semitic,NA,Ê”inÄÅ¡-,,,
2161,Akkadian,NA,ğ’ˆ¬,,,
2162,Akkadian,NA,ğ’Œ¦ğ’Œ,,,
2163,Maltese,NA,nies,,,
2164,Classical_Syriac,NA,ÜÜ¶Ü¢Ü³Ü«Ü³Ü,,,
2165,Hebrew,NA,×Ö±× ×•Ö¹×©×,,,
2166,Tigre,NA,áŠ¥áŠ“áˆµ,,,
2167,Proto-Semitic,NA,Ê”irbay-,,,
2168,Akkadian,NA,ğ’‰…ğ’„­ğ’€€,,,
2169,Eblaite,NA,ğ’…•ğ’‰ˆğ’ˆ,,,
2170,Eblaite,NA,ğ’‰†ğ’†³,,,
2171,Arabic,NA,Ø¥ÙØ±Ù’Ø¨ÙÙŠÙØ§Ù†,,,
2172,Arabic,NA,Ø±ÙÙˆØ¨ÙÙŠÙØ§Ù†,,,
2173,Arabic,NA,Ø±ÙÙˆØ¨Ù’ÙŠÙØ§Ù†,,,
2174,Arabic,NA,Ø±ÙØ¨Ù’ÙŠÙØ§Ù†,,,
2175,Classical_Syriac,NA,ÜÜ°ÜªÜ’Ü»İÜÜ¬Ü³Ü,,,
2176,Israeli_Hebrew,NA,×Ö·×¨Ö°×‘Ö¶Ö¼×”,,,
2177,Ugaritic,NA,ğ›ğ—ğğŠ,,,
2178,Sabaean,NA,ğ©±ğ©§ğ©¨ğ©º,,,
2179,Chaha,NA,á‹ˆáˆ¨á‰£,,,
2180,Sebat_Bet_Gurage,NA,á‹ˆáˆ¨á‰£,,,
2181,Inor,NA,á‹ˆáˆ¨á‰«,,,
2182,Kistane,NA,á‹áˆ«á‰£,,,
2183,Muher,NA,á‹ˆáˆ¨á‰£,,,
2184,Mehri,NA,á¸¥arbyÄ“t,,,
2185,Harsusi,NA,harbÄ“t,,,
2186,Shehri,NA,Ê¾Ã­rbÉ”Ìt,,,
2187,Soqotri,NA,Ê¾erbhÃ­yoh,,,
2188,Proto-Semitic,NA,Ê”iÅ¡-,,,
2189,Akkadian,NA,ğ’‰ˆ,,,
2190,Arabic,NA,Ø£ÙØ³ÙŒÙ‘,,,
2191,Classical_Syriac,NA,ÜÜ¶Ü«Ü´İÜ¬Ü´Ü,,,
2192,Hebrew,NA,×Öµ×©×,,,
2193,Hebrew,NA,×Ö´×©Ö¶Ö¼××”,,,
2194,Phoenician,NA,ğ¤€ğ¤,,,
2195,Ugaritic,NA,ğ›ğŒğš,,,
2196,Amharic,NA,áŠ¥áˆ³á‰µ,,,
2197,Amharic,NA,áˆ³á‰µ,,,
2198,Ge'ez,NA,áŠ¥áˆ³á‰µ,,,
2199,Tigre,NA,áŠ¥áˆ³á‰µ,,,
2200,Proto-Semitic,NA,Ê”iá¹£baÊ•-,,,
2201,Arabic,NA,Ø¥ÙØµÙ’Ø¨ÙØ¹,,,
2202,Classical_Syriac,NA,Ü¨Ü¶Ü’Ü¥Ü³Ü,,,
2203,Hebrew,NA,×Ö¶×¦Ö°×‘Ö·Ö¼×¢,,,
2204,Ugaritic,NA,ğœğ•ğğ“,,,
2205,Tigrinya,NA,áŠ£áŒ»á‰¥á‹•,,,
2206,Proto-Semitic,NA,Ê”urá¸«-,,,
2207,Akkadian,NA,ğ’Œ«ğ’„·ğ’Œ,,,
2208,Classical_Syriac,NA,ÜÜ˜ÜªÜš,,,
2209,Classical_Syriac,NA,ÜÜ˜ÜªÜšÜ,,,
2210,Hebrew,NA,×Ö¹×¨Ö·×—,,,
2211,Proto-Semitic,NA,Ê”uá¸n-,,,
2212,Akkadian,NA,ğ’‰¿,,,
2213,Egyptian_Arabic,NA,ÙˆØ¯Ù†,,,
2214,Gulf_Arabic,NA,Ø§Ø°ÙˆÙ†,,,
2215,Maltese,NA,widna,,,
2216,North_Levantine_Arabic,NA,Ø¯ÙŠÙ†Ù‡,,,
2217,North_Levantine_Arabic,NA,Ø¯Ø§Ù†Ø©,,,
2218,North_Levantine_Arabic,NA,Ø¥Ø¯Ù†,,,
2219,Aramaic,NA,Ü¢ÜµÜ¬İ‚ÜµÜ,,,
2220,Aramaic,NA,ÜÜ•Ü¢Ü,,,
2221,Aramaic,NA,×Ö»×“Ö°× Ö¸×,,,
2222,Aramaic,NA,××•Ö¼× Ö¸×,,,
2223,Aramaic,NA,×Ö¶×“Ö°× Ö¸×,,,
2224,Aramaic,NA,ÜÜ°Ü•İ‚Ü¢Ü,,,
2225,Hebrew,NA,×Ö¹×–Ö¶×Ÿ,,,
2226,Ugaritic,NA,ğœğ„ğ,,,
2227,Sabaean,NA,ğ©±ğ©¹ğ©¬,,,
2228,Mehri,NA,á¸¥É™-yá¸Ä“n,,,
2229,Harsusi,NA,á¸¥e-yá¸Ä“n,,,
2230,Shehri,NA,Ê¾iá¸É›Ìn,,,
2231,Soqotri,NA,Ê¾Ã­dihen,,,
2232,Ge'ez,NA,áŠ¥á‹áŠ•,,,
2233,Tigre,NA,áŠ¥á‹áŠ•,,,
2234,Tigrinya,NA,áŠ¥á‹áŠ’,,,
2235,Argobba,NA,áŠ¥á‹áŠ•,,,
2236,Argobba,NA,áŠ¢á‹šáŠ•,,,
2237,Gafat,NA,áŠ¥á‹áŠ,,,
2238,Gurage,NA,áŠ¥á‹áŠ•,,,
2239,Gurage,NA,áŠ¥á‹áŠ•,,,
2240,Gurage,NA,áŠ¥á‹áŠ•,,,
2241,Gurage,NA,áŠ¢á‹áŠ•,,,
2242,Gurage,NA,áŠ¥áŠ•á‹áŠ•,,,
2243,Gurage,NA,áŠ¥á‹áˆ­,,,
2244,Harari,NA,áŠ¡á‹™áŠ•,,,
2245,Proto-Semitic,NA,Ê•alay-,,,
2246,Akkadian,NA,ğ’Œ‹ğ’…—,,,
2247,Maltese,NA,gÄ§al,,,
2248,Aramaic,NA,×¢Ö·×œ,,,
2249,Hebrew,NA,×¢×œ,,,
2250,Ge'ez,NA,áˆ‹á‹•áˆˆ,,,
2251,Proto-Semitic,NA,Ê•apar-,,,
2252,Akkadian,NA,ğ’…–,,,
2253,Arabic,NA,Ø¹ÙÙÙØ±,,,
2254,Classical_Syriac,NA,Ü¥Ü°Ü¦ÜªÜ³Ü,,,
2255,Hebrew,NA,×¢Ö¸×¤Ö¸×¨,,,
2256,Ugaritic,NA,ğ“ğ”ğ—,,,
2257,Amharic,NA,áŠ áˆáˆ­,,,
2258,Argobba,NA,áŠ áˆáˆ­,,,
2259,Ge'ez,NA,áŠ áˆáˆ­,,,
2260,Harari,NA,áŠ áˆáˆ­,,,
2261,Sebat_Bet_Gurage,NA,áŠ áˆáˆ­,,,
2262,Tigrinya,NA,á‹“áˆáˆ­,,,
2263,Proto-Semitic,NA,Ê•ayn-,,,
2264,Akkadian,NA,ğ’…†,,,
2265,Eblaite,NA,ğ’€€ğ’ˆ¾ğ’ˆ¾,,,
2266,Algerian_Arabic,NA,Ø¹ÙŠÙ†,,,
2267,Egyptian_Arabic,NA,Ø¹ÙŠÙ†,,,
2268,Gulf_Arabic,NA,Ø¹ÙŠÙ†,,,
2269,Libyan_Arabic,NA,Ø¹ÙŠÙ†,,,
2270,Maltese,NA,gÄ§ajn,,,
2271,Moroccan_Arabic,NA,Ø¹ÙŠÙ†,,,
2272,North_Levantine_Arabic,NA,Ø¹ÙŠÙ†,,,
2273,South_Levantine_Arabic,NA,Ø¹ÙŠÙ†,,,
2274,Tunisian_Arabic,NA,Ø¹ÙŠÙ†,,,
2275,Tajik,NA,Ğ°Ğ¹Ğ½,,,
2276,Hindustani,NA,à¤à¤¨,,,
2277,Hindustani,NA,Ø¹ÙÛŒÙ†,,,
2278,Malay,NA,Ø¹ÙŠÙ†,,,
2279,Assyrian_Neo-Aramaic,NA,Ü¥ÜÜ¢Ü,,,
2280,Classical_Syriac,NA,Ü¥Ü°ÜÜ¢Ü³Ü,,,
2281,Lishana_Deni,NA,××™× ×,,,
2282,Turoyo,NA,Ü¥Ü°ÜÜ¢Ü³Ü,,,
2283,Hebrew,NA,×¢Ö·×™Ö´×Ÿ,,,
2284,Phoenician,NA,ğ¤ğ¤,,,
2285,Phoenician,NA,ğ¤ğ¤‰ğ¤,,,
2286,Ugaritic,NA,ğ“ğŠğ,,,
2287,Minaean,NA,ğ©²ğ©ºğ©¬,,,
2288,Qatabanian,NA,ğ©²ğ©ºğ©¬,,,
2289,Sabaean,NA,ğ©²ğ©ºğ©¬,,,
2290,Amharic,NA,á‹á‹­áŠ•,,,
2291,Ge'ez,NA,á‹á‹­áŠ•,,,
2292,Tigrinya,NA,á‹“á‹­áŠ’,,,
2293,Proto-Semitic,NA,Ê•azab-,,,
2294,Akkadian,NA,ğ’‹º,,,
2295,Arabic,NA,Ø¹ÙØ²ÙØ¨Ù,,,
2296,Hebrew,NA,×¢Ö¸×–Ö·×‘,,,
2297,Proto-Semitic,NA,Ê•aÅ›ar-,,,
2298,Proto-Semitic,NA,Ê•aÅ¡t-,,,
2299,Akkadian,NA,ğ’¹,,,
2300,Arabic,NA,Ø§ÙØ³Ù’Øª,,,
2301,Hebrew,NA,×¢Ö·×©Ö°××ªÖµÖ¼×™,,,
2302,Ugaritic,NA,ğ“ğŒğš,,,
2303,Ugaritic,NA,ğ“ğŒğ—,,,
2304,Ugaritic,NA,ğ“ğŒğšğŠ,,,
2305,Minaean,NA,ğ©²ğ©ªğ©©,,,
2306,Qatabanian,NA,ğ©²ğ©ªğ©©ğ©¬ğ©£,,,
2307,Hurrian,NA,ğ›ğ˜ğš,,,
2308,Hurrian,NA,*Å¡u-,,,
2309,Hurrian,NA,ğ’‰»ğ’† ,,,
2310,Hurrian,NA,ğ’‹—ğ’‹›ğ’‰Œ,,,
2311,Proto-Semitic,NA,Ê•aá¹¯tar-,,,
2312,Akkadian,NA,ğ’€­ğ’ˆ¹,,,
2313,Eblaite,NA,ğ’€­ğ’ˆ¹,,,
2314,Arabic,NA,Ø¹ÙØ«Ù’ØªÙØ±,,,
2315,Imperial_Aramaic,NA,ğ¡ğ¡”ğ¡•ğ¡“ğ¡Œ,,,
2316,Imperial_Aramaic,NA,[2],,,
2317,Palmyrene_Aramaic,NA,ğ¡°ğ¡¯ğ¡¶ğ¡´,,,
2318,Palmyrene_Aramaic,NA,[3],,,
2319,Palmyrene_Aramaic,NA,[1],,,
2320,Phoenician,NA,ğ¤ğ¤”ğ¤•ğ¤“ğ¤Œ,,,
2321,Phoenician,NA,[1],,,
2322,Ugaritic,NA,ğ“ğ˜ğšğ—,,,
2323,Ugaritic,NA,ğ“ğ˜ğšğ—ğš,,,
2324,Akkadian,NA,ğ’€­ğ’€€ğ’‹»,,,
2325,Akkadian,NA,ğ’€­ğ’€œğ’‹»,,,
2326,Akkadian,NA,[3],,,
2327,Ancient_North_Arabian,NA,ğª’ğª‰ğª‡,,,
2328,Ancient_North_Arabian,NA,[3],,,
2329,Classical_Syriac,NA,ÜÜ·Ü£Ü¬ÜªÜ´Ü,,,
2330,Jewish_Babylonian_Aramaic,NA,×¢Ö·×©Ö°××ªÖ¸Ö¼×¨×•Ö¹×ª,,,
2331,Jewish_Babylonian_Aramaic,NA,×¢Ö·×©Ö°××ªÖ°Ö¼×¨Ö¸×ªÖ¸×,,,
2332,Jewish_Babylonian_Aramaic,NA,××…×™×¡Ö°×ªÖ°Ö¼×¨Ö¸×,,,
2333,Moabite,NA,ğ¤ğ¤”ğ¤•ğ¤“,,,
2334,Moabite,NA,[3],,,
2335,Egyptian,NA,,,,
2336,Egyptian,NA,êœ¥sá¹¯rt,,,
2337,Egyptian,NA,,,,
2338,Egyptian,NA,êœ¥sá¹¯jrá¹¯t,,,
2339,Egyptian,NA,,,,
2340,Egyptian,NA,êœ¥êœ£stjr,,,
2341,Egyptian,NA,,,,
2342,Egyptian,NA,êœ¥êœ£sjty,,,
2343,Egyptian,NA,,,,
2344,Egyptian,NA,êœ¥sá¹¯t,,,
2345,Egyptian,NA,,,,
2346,Egyptian,NA,êœ¥sá¹¯rdt,,,
2347,Old_South_Arabian,NA,ğ©²ğ©»ğ©©ğ©§,,,
2348,Old_South_Arabian,NA,ğ©²ğ©¯ğ©©ğ©§ğ©£,,,
2349,Old_South_Arabian,NA,[3],,,
2350,Old_South_Arabian,NA,[1],,,
2351,Amharic,NA,áŠ áˆµá‰³áˆ­,,,
2352,Amharic,NA,áŠ£áˆµá‰°áˆ­,,,
2353,Blin,NA,áŠ£áˆµá‰°áˆ­,,,
2354,Tigre,NA,á‹“áˆµá‰°áˆ­,,,
2355,Proto-Semitic,NA,Ê•aá¹¯Ì£m-,,,
2356,Akkadian,NA,ğ’„Šğ’‰»ğ’º,,,
2357,Arabic,NA,Ø¹ÙØ¸Ù’Ù…,,,
2358,Classical_Syriac,NA,Ü¥Ü°Ü›Ü¡Ü³Ü,,,
2359,Hebrew,NA,×¢Ö¶×¦Ö¶×,,,
2360,Phoenician,NA,ğ¤ğ¤‘ğ¤Œ,,,
2361,Ugaritic,NA,ğ“ğ‘ğ,,,
2362,Amharic,NA,áŠ áŒ¥áŠ•á‰µ,,,
2363,Ge'ez,NA,áŠ á…áˆ,,,
2364,Proto-Semitic,NA,Ê•iá¹£Ì-,,,
2365,Akkadian,NA,ğ’„‘,,,
2366,Maltese,NA,gÄ§asa,,,
2367,Moroccan_Arabic,NA,Ø¹ØµØ§,,,
2368,Gulf_Arabic,NA,Ø¹ØµØ§ÙŠØ©,,,
2369,Hijazi_Arabic,NA,Ø¹ØµØ§ÙŠØ©,,,
2370,Armenian,NA,Õ¡Õ½Õ¡,,,
2371,Arabic,NA,Ø¹ÙØ¶Ù‘,,,
2372,Arabic,NA,Ø¹ÙØ¶Ù‘,,,
2373,Aramaic,NA,×Ö¸×¢Ö¸×,,,
2374,Aramaic,NA,×¢Ö¸×¢Ö¸×,,,
2375,Aramaic,NA,×¢Ö¸×§Ö¸×,,,
2376,Hebrew,NA,×¢Öµ×¥,,,
2377,Punic,NA,ğ¤ğ¤‘,,,
2378,Ugaritic,NA,ğ“ğ•,,,
2379,Minaean,NA,ğ©²ğ©³,,,
2380,Qatabanian,NA,ğ©²ğ©³,,,
2381,Sabaean,NA,ğ©²ğ©³,,,
2382,Ge'ez,NA,á‹•á…,,,
2383,Amharic,NA,á‹•áŠ•áŒ¨á‰µ,,,
2384,Tigrinya,NA,á‹•áŒ¨á‰µ,,,
2385,Proto-Semitic,NA,Ê•Vnz-,,,
2386,Akkadian,NA,ğ’š,,,
2387,Arabic,NA,Ø¹ÙÙ†Ù’Ø²,,,
2388,Hebrew,NA,×¢Öµ×–,,,
2389,Ugaritic,NA,ğ“ğ‡,,,
2390,Proto-Semitic,NA,Ê•Vá¹£á¹£Å«r-,,,
2391,Akkadian,NA,ğ’„·,,,
2392,Ugaritic,NA,ğ“ğ•ğ—,,,
2393,Proto-Semitic,NA,á¸anab-,,,
2394,Akkadian,NA,ğ’†²,,,
2395,Eblaite,NA,ğ’‚ ğ’ˆ¾ğ’…¤,,,
2396,Eblaite,NA,ğ’Šºğ’‰ˆğ’…—,,,
2397,Maltese,NA,denb,,,
2398,Classical_Syriac,NA,Ü•Ü¾İÜ˜Ü¢Ü’İÜ,,,
2399,Classical_Mandaic,NA,à¡ƒà¡à¡€à¡,,,
2400,Classical_Mandaic,NA,à¡ƒà¡‰à¡à¡à¡€,,,
2401,Classical_Mandaic,NA,à¡ƒà¡‰à¡à¡€à¡à¡•à¡€,,,
2402,Classical_Mandaic,NA,à¡ƒà¡‰à¡à¡‰à¡à¡•à¡€,,,
2403,Classical_Mandaic,NA,à¡ƒà¡€à¡à¡‰à¡à¡•à¡€,,,
2404,Hebrew,NA,×–Ö¸× Ö¸×‘,,,
2405,Ugaritic,NA,ğğğ,,,
2406,Ugaritic,NA,ğğğğš,,,
2407,Amharic,NA,á‹˜áŠá‰¥,,,
2408,Amharic,NA,á‹˜áˆˆá‰¥,,,
2409,Tigrinya,NA,á‹˜áŠá‰¥,,,
2410,Tigre,NA,á‹˜áŠá‰¥,,,
2411,Mehri,NA,á¸É™nÅ«b,,,
2412,Harsusi,NA,á¸enÄ“b,,,
2413,Shehri,NA,á¸ÃºnÃºb,,,
2414,Soqotri,NA,dÃ­nob,,,
2415,Proto-Semitic,NA,á¸aá¸³an-,,,
2416,Akkadian,NA,ğ’…¾,,,
2417,Eblaite,NA,ğ’Š­ğ’‚µğ’ˆ,,,
2418,Eblaite,NA,ğ’Š­ğ’„–ğ’‰¡ğ’Œ,,,
2419,Eblaite,NA,ğ’‹—ğ’†•,,,
2420,Hijazi_Arabic,NA,Ø°ÙÙ‚ÙÙ†,,,
2421,Maltese,NA,daqna,,,
2422,Classical_Syriac,NA,Ü•Ü»İÜ©Ü¢Ü³Ü,,,
2423,Hebrew,NA,×–Ö¸×§Ö¸×Ÿ,,,
2424,Phoenician,NA,ğ¤†ğ¤’ğ¤,,,
2425,Ugaritic,NA,ğ„ğ–ğ,,,
2426,Soqotri,NA,dÃ­á¸³ehon,,,
2427,Soqotri,NA,dÃ³á¸³ehan,,,
2428,Soqotri,NA,dÃ¡á¸³ehan,,,
2429,Soqotri,NA,dÉ™Ìá¸³hÉ”n,,,
2430,Proto-Semitic,NA,á¸ikar-,,,
2431,Akkadian,NA,ğ’‘,,,
2432,Akkadian,NA,ğ’ˆ¬,,,
2433,Eblaite,NA,ğ’‘,,,
2434,Egyptian_Arabic,NA,Ø¯ÙƒØ±,,,
2435,Gulf_Arabic,NA,Ø°ÙÙƒÙØ±,,,
2436,Gulf_Arabic,NA,Ø°ÙÙƒÙØ±,,,
2437,Classical_Syriac,NA,Ü•Ü·İÜŸÜªÜ³Ü,,,
2438,Hebrew,NA,×–Ö¸×›Ö¸×¨,,,
2439,Ugaritic,NA,ğ„ğ‹ğ—,,,
2440,Sabaean,NA,ğ©¹ğ©«ğ©§,,,
2441,Sabaean,NA,,,,
2442,Sabaean,NA,,,,
2443,Sabaean,NA,,,,
2444,Proto-Semitic,NA,á¸iÊ”b-,,,
2445,Akkadian,NA,ğ’‰¡ğ’Œğ’ˆ ,,,
2446,Egyptian_Arabic,NA,Ø¯ÙŠØ¨,,,
2447,Gulf_Arabic,NA,Ø°ÙÙŠØ¨,,,
2448,Hijazi_Arabic,NA,Ø°ÙÙŠØ¨,,,
2449,Maltese,NA,dib,,,
2450,Moroccan_Arabic,NA,Ø¯ÙŠØ¨,,,
2451,Malay,NA,zib,,,
2452,Malay,NA,Ø°ÙŠØ¨,,,
2453,Catalan,NA,dip,,,
2454,French,NA,adive,,,
2455,Imperial_Aramaic,NA,ğ¡ƒğ¡‰ğ¡ğ¡€,,,
2456,Classical_Syriac,NA,Ü•İÜ¶ÜÜ’Ü³Ü,,,
2457,"Jewish_Palestinian_Aramaic,_Jewish_Literary_Aramaic,_Jewish_Babylonian_Aramaic",NA,×“ÖµÖ¼×™×‘Ö¸×,,,
2458,Christian_Palestinian_Aramaic,NA,Ü•ÜÜ’,,,
2459,Classical_Mandaic,NA,à¡ƒà¡‰à¡à¡€,,,
2460,Hebrew,NA,×–Ö°×Öµ×‘,,,
2461,Safaitic,NA,ğª™ğª‘ğªˆ,,,
2462,Amharic,NA,áŒ…á‰¥,,,
2463,Ge'ez,NA,á‹áŠ¥á‰¥,,,
2464,Ge'ez,NA,á…á‹•á‰¥,,,
2465,Ge'ez,NA,*á¹£ÌabuÊ¿-,,,
2466,Tigre,NA,á‹á‰¥áŠ¢,,,
2467,Proto-Semitic,NA,á¸V-,,,
2468,Arabic,NA,Ø°ÙØ§,,,
2469,Aramaic,NA,×“×™,,,
2470,Hebrew,NA,×–×”,,,
2471,Phoenician,NA,ğ¤†ğ¤„,,,
2472,Ge'ez,NA,á‹,,,
2473,Amharic,NA,á‹­áˆ…,,,
2474,Proto-Semitic,NA,á¸¡urayb-,,,
2475,Akkadian,NA,ğ’Œ‘ğ’‰ğ’‚µ,,,
2476,Eblaite,NA,ğ’‚µğ’Œ·ğ’…¤,,,
2477,Eblaite,NA,ğ’„©ğ’Œ·ğ’…¤ğ’Œ,,,
2478,Maltese,NA,gÄ§orab,,,
2479,Maltese,NA,gÄ§arab,,,
2480,Moroccan_Arabic,NA,ØºØ±Ø§Ø¨,,,
2481,Turkish,NA,gurab,,,
2482,South_Levantine_Arabic,NA,ØºØ±Ø§Ø¨,,,
2483,"Jewish_Palestinian_Aramaic,_Jewish_Literary_Aramaic,_Jewish_Babylonian_Aramaic",NA,×¢×•Ö¹×¨Ö°×‘Ö¸×,,,
2484,Classical_Syriac,NA,Ü¥Ü½Ü˜ÜªÜ’Ü³Ü,,,
2485,Hebrew,NA,×¢×•Ö¹×¨Öµ×‘,,,
2486,Old_Armenian,NA,Õ¡Õ£Õ¼Õ¡Ö‚,,,
2487,Proto-Semitic,NA,á¸¥abl-,,,
2488,Akkadian,NA,ğ’‚ ,,,
2489,Gulf_Arabic,NA,Ø­ÙØ¨ÙÙ„,,,
2490,Maltese,NA,Ä§abel,,,
2491,Classical_Syriac,NA,ÜšÜ°Ü’Ü Ü³Ü,,,
2492,Hebrew,NA,×—Ö¶×‘Ö¶×œ,,,
2493,Ugaritic,NA,ğˆğğ,,,
2494,Old_South_Arabian,NA,ğ©¢ğ©¨ğ©¡,,,
2495,Amharic,NA,áˆ€á‰¥áˆ,,,
2496,Ge'ez,NA,áˆá‰¥áˆ,,,
2497,Tigre,NA,áˆá‰¥áˆ,,,
2498,Tigrinya,NA,áˆá‰¥áˆŠ,,,
2499,Soqotri,NA,á¸¥Ã¡behol,,,
2500,Proto-Semitic,NA,á¸¥alÄ«b-,,,
2501,Akkadian,NA,ğ’„­ğ’…‹ğ’,,,
2502,Maltese,NA,Ä§alib,,,
2503,Moroccan_Arabic,NA,Ø­Ù„ÙŠØ¨,,,
2504,Classical_Syriac,NA,ÜšÜ°Ü Ü’Ü´İÜ,,,
2505,Hebrew,NA,×—Ö¸×œÖ¸×‘,,,
2506,Phoenician,NA,ğ¤‡ğ¤‹ğ¤,,,
2507,Ugaritic,NA,ğˆğğ,,,
2508,Amharic,NA,áˆ›áˆˆá‰¥,,,
2509,Ge'ez,NA,áˆáˆŠá‰¥,,,
2510,Proto-Semitic,NA,á¸¥amaá¹£Ì-,,,
2511,Arabic,NA,Ø­ÙÙ…ÙØ¶Ù,,,
2512,Arabic,NA,Ø­ÙÙ…ÙØ¶Ù,,,
2513,Jewish_Palestinian_Aramaic,NA,×—Ö²×Ö·×¢,,,
2514,Christian_Palestinian_Aramaic,NA,ÜšÜ¡Ü°Ü¥,,,
2515,Jewish_Literary_Aramaic,NA,×—Ö²×Ö·×¢,,,
2516,Jewish_Babylonian_Aramaic,NA,×—Ö³×Ö·×¥,,,
2517,Classical_Syriac,NA,ÜšÜ¡Ü°Ü¥,,,
2518,Classical_Syriac,NA,ÜšÜ¡Ü°Ü¨,,,
2519,Ugaritic,NA,ğˆğğ•,,,
2520,Proto-Semitic,NA,á¸¥amw-,,,
2521,Akkadian,NA,ğ’‚Šğ’ˆ¬,,,
2522,Eblaite,NA,ğ’‚ğ’ˆ¬ğ’ˆ¬,,,
2523,Arabic,NA,Ø­ÙÙ…,,,
2524,Aramaic,NA,×—××,,,
2525,Aramaic,NA,ÜšÜ¡Ü,,,
2526,Hebrew,NA,×—Ö¸×,,,
2527,Hadrami,NA,ğ©¢ğ©£,,,
2528,Mehri,NA,á¸¥aym,,,
2529,Soqotri,NA,á¸¥am,,,
2530,Ge'ez,NA,áˆáˆ,,,
2531,Tigre,NA,áˆáˆ,,,
2532,Tigrinya,NA,áˆáˆ™,,,
2533,Proto-Semitic,NA,á¸¥amÄ«á¹£Ì-,,,
2534,Akkadian,NA,emÄ“á¹£u,,,
2535,Jewish_Palestinian_Aramaic,NA,×—Ö²×Ö´×™×¢,,,
2536,Jewish_Literary_Aramaic,NA,×—Ö²×Ö´×™×¢,,,
2537,Classical_Syriac,NA,ÜšÜ°Ü¡Ü»ÜÜ¥Ü³Ü,,,
2538,Hebrew,NA,×—Ö¸×Öµ×¥,,,
2539,Hebrew,NA,×—Ö¸××•Ö¼×¥,,,
2540,Proto-Semitic,NA,á¸¥amá¹£Ì-,,,
2541,Akkadian,NA,emá¹£u,,,
2542,Arabic,NA,Ø­ÙÙ…Ù’Ø¶,,,
2543,Ugaritic,NA,ğˆğğ•,,,
2544,Egyptian,NA,á¸¥má¸êœ£,,,
2545,Proto-Semitic,NA,á¸¥amá¹¯-,,,
2546,Akkadian,NA,ğ’¨,,,
2547,Classical_Mandaic,NA,à¡‰à¡Œà¡‘à¡€,,,
2548,Classical_Syriac,NA,ÜšÜ˜Ü½Ü¡Ü«Ü³Ü,,,
2549,Hebrew,NA,×—Ö¹×Ö¶×©×,,,
2550,Ugaritic,NA,ğˆğğ˜,,,
2551,Amharic,NA,áŠ¥áˆáˆµ,,,
2552,Ge'ez,NA,áˆ•áˆáˆµ,,,
2553,Ge'ez,NA,áˆ•áˆáˆ¥,,,
2554,Tigre,NA,áˆ•áˆáˆµ,,,
2555,Mehri,NA,á¸¥amá¹¯,,,
2556,Harsusi,NA,á¸¥amá¹¯,,,
2557,Shehri,NA,á¸¥amá¹¯,,,
2558,Soqotri,NA,á¸¥Ã¡nt,,,
2559,Proto-Semitic,NA,á¸¥apar-,,,
2560,Akkadian,NA,ğ’„­ğ’‰¿ğ’Š’ğ’Œ,,,
2561,Arabic,NA,Ø­ÙÙÙØ±Ù,,,
2562,Classical_Syriac,NA,ÜšÜ¦Ü°Üª,,,
2563,Hebrew,NA,×—Ö¸×¤Ö·×¨,,,
2564,Amharic,NA,á‰ˆáˆáˆ¨,,,
2565,Ge'ez,NA,á‰€áˆáˆ¨,,,
2566,Old_South_Arabian,NA,ğ©¢ğ©°ğ©§,,,
2567,Sebat_Bet_Gurage,NA,á‰†áˆáˆ¨,,,
2568,Tigrinya,NA,á‰ˆáˆáˆ¨,,,
2569,Mehri,NA,Ê¿ÄfÅr,,,
2570,Shehri,NA,Ê¿É”ÌfÉ”Ìr,,,
2571,Proto-Semitic,NA,á¸¥apaÅ›-,,,
2572,Akkadian,NA,ğ’†•,,,
2573,Arabic,NA,Ø­ÙÙÙØ´Ù,,,
2574,Arabic,NA,Ø­ÙÙÙØ³Ù,,,
2575,Aramaic,NA,×—Ö´×¤Ö¼×•Ö¼×©Ö´×‚×™×ªÖ¸×,,,
2576,Aramaic,NA,×—Ö´×™×¤Ö¼×•Ö¼×©Ö´×‚×™×ªÖ¸×,,,
2577,Aramaic,NA,×—Ö´×™×¤Ö¼×•Ö¼×©Ö°×‚×ªÖ¸×,,,
2578,Aramaic,NA,×—Ö´×¤Ö¼×•Ö¼×©Ö°×‚×ªÖ¸×,,,
2579,Hebrew,NA,×—Ö¸×¤Ö·×©×‚,,,
2580,Hebrew,NA,×—Ö´×¤ÖµÖ¼×©×‚,,,
2581,Ugaritic,NA,ğˆğ”ğŒ,,,
2582,Egyptian,NA,êœ¥pÅ¡êœ£y,,,
2583,Amharic,NA,áŠ£áˆáˆ°,,,
2584,Argobba,NA,áˆƒáˆáˆ³,,,
2585,Ge'ez,NA,áˆáˆáˆ ,,,
2586,Harari,NA,áˆ“áˆáˆ³,,,
2587,Sebat_Bet_Gurage,NA,áŠ£áˆáˆ°,,,
2588,Tigre,NA,áˆ“ááˆ³,,,
2589,Tigrinya,NA,áˆ“áˆáˆ°,,,
2590,Tigrinya,NA,áˆ“áˆáˆ¸,,,
2591,Alaba,NA,hamfaÅ¡Å¡o,,,
2592,Saho,NA,hafas,,,
2593,Shehri,NA,á¸¥fÉ”Å›,,,
2594,Proto-Semitic,NA,á¸¥apr-,,,
2595,Akkadian,NA,ğ’‡¥,,,
2596,Arabic,NA,Ø­ÙÙÙ’Ø±,,,
2597,Classical_Syriac,NA,ÜšÜ¦Ü³ÜªÜ³Ü,,,
2598,Classical_Syriac,NA,ÜšÜ¶Ü¦ÜªÜ³Ü,,,
2599,Ge'ez,NA,á‰€áˆáˆ­,,,
2600,Ge'ez,NA,á‰…ááˆ­,,,
2601,Proto-Semitic,NA,á¸¥araá¹¯-,,,
2602,Akkadian,NA,ğ’€³,,,
2603,Egyptian_Arabic,NA,Ø­Ø±Øª,,,
2604,Maltese,NA,Ä§arat,,,
2605,Hebrew,NA,×—Ö¸×¨Ö·×©×,,,
2606,Phoenician,NA,ğ¤‡ğ¤“ğ¤”,,,
2607,Ugaritic,NA,ğˆğ—ğ˜,,,
2608,Old_South_Arabian,NA,ğ©£ğ©¢ğ©§ğ©»ğ©©,,,
2609,Amharic,NA,áŠ áˆ¨áˆ°,,,
2610,Proto-Semitic,NA,á¸¥arb-,,,
2611,Akkadian,NA,ğ’„‘ğ’€³ğ’Œ†ğ’†¥,,,
2612,Arabic,NA,Ø­ÙØ±Ù’Ø¨ÙØ©,,,
2613,Egyptian_Arabic,NA,Ø­Ø±Ø¨,,,
2614,Gulf_Arabic,NA,Ø­Ø±Ø¨,,,
2615,Maltese,NA,Ä§arb,,,
2616,Persian,NA,Ø­Ø±Ø¨,,,
2617,Amharic,NA,áŠ áˆ­á‰ áŠ›,,,
2618,Imperial_Aramaic,NA,ğ¡‡ğ¡“ğ¡,,,
2619,Christian_Palestinian_Aramaic,NA,ÜšÜªÜ’,,,
2620,Classical_Syriac,NA,ÜšÜ°ÜªÜ’İ‚Ü´Ü¿Ü,,,
2621,Jewish_Babylonian_Aramaic,NA,×—Ö·×¨Ö°×‘×‡Ö¼×,,,
2622,Jewish_Palestinian_Aramaic,NA,×—Ö·×¨Ö°×‘×‡Ö¼×,,,
2623,Hebrew,NA,×—Ö¶×¨Ö¶×‘,,,
2624,Ugaritic,NA,ğˆğ—ğ,,,
2625,Old_South_Arabian,NA,ğ©¢ğ©§ğ©¨ğ©©,,,
2626,Ancient_Greek,NA,á¼…ÏÏ€Î·,,,
2627,Egyptian,NA,á¸¥jrêœ£pw,,,
2628,Proto-Semitic,NA,á¸¥argil-,,,
2629,Sumerian,NA,ğ’‰…ğ’…•ğ’„€ğ’ˆ,,,
2630,Eblaite,NA,ğ’…•ğ’„€ğ’ˆ,,,
2631,Arabic,NA,Ø­ÙØ±Ù’Ø¬ÙÙ„,,,
2632,Assyrian_Neo-Aramaic,NA,ÜšÜ²ÜªÜ“Ü˜Ü¼Ü ,,,
2633,Old_Armenian,NA,Õ­Õ¡Ö€Õ¡Õ£Õ¸Ö‚Õ¬,,,
2634,Jewish_Literary_Aramaic,NA,×—Ö·×¨Ö°×’Ö°Ö¼×œÖ¸×,,,
2635,Jewish_Literary_Aramaic,NA,×—Ö·×¨Ö°×’Ö¹Ö¼×œÖ¸×,,,
2636,Hebrew,NA,×—Ö·×¨Ö°×’Ö¼×•Ö¹×œ,,,
2637,Sabaean,NA,ğ©²ğ©§ğ©´ğ©¡,,,
2638,Proto-Semitic,NA,á¸¥aá¸³l-,,,
2639,Akkadian,NA,ğ’€€ğ’Š®,,,
2640,Hijazi_Arabic,NA,Ø­ÙÙ‚ÙÙ„,,,
2641,Classical_Syriac,NA,ÜšÜ°Ü©Ü Ü³Ü,,,
2642,Old_South_Arabian,NA,ğ©¢ğ©¤ğ©¡,,,
2643,Ge'ez,NA,áˆá‰…áˆ,,,
2644,Proto-Semitic,NA,á¸¥aá¹£Ìad-,,,
2645,Akkadian,NA,ğ’Šºğ’†¥ğ’‹»,,,
2646,Arabic,NA,Ø®ÙØ¶ÙØ¯Ù,,,
2647,Imperial_Aramaic,NA,ğ¡‡ğ¡‘ğ¡ƒ,,,
2648,Palmyrene_Aramaic,NA,ğ¡§ğ¡²ğ¡£,,,
2649,Jewish_Palestinian_Aramaic,NA,×—Ö°×¦Öµ×“,,,
2650,Classical_Syriac,NA,ÜšÜ¨Ü¶Ü•,,,
2651,Jewish_Babylonian_Aramaic,NA,×—Ö²×¦Ö·×“,,,
2652,Arabic,NA,Ø­ÙØµÙØ¯Ù,,,
2653,Hebrew,NA,×§Ö¸×¦Ö·×¨,,,
2654,Hebrew,NA,*qaá¹£ar-,,,
2655,Amharic,NA,á‹áŒ¨á‹°,,,
2656,Ge'ez,NA,á‹á€á‹°,,,
2657,Tigrinya,NA,á‹“áŒ¸á‹°,,,
2658,Proto-Semitic,NA,á¸¥dá¹¯-,,,
2659,Akkadian,NA,ğ’‚Šğ’²ğ’‹—ğ’Œ,,,
2660,Arabic,NA,Ø­ÙØ¯ÙØ«Ù,,,
2661,Assyrian_Neo-Aramaic,NA,ÜšÜ²Ü•Ü¸Ü¬,,,
2662,Hebrew,NA,×—Ö´×“ÖµÖ¼×©×,,,
2663,Phoenician,NA,ğ¤‡ğ¤ƒğ¤”,,,
2664,Ugaritic,NA,ğˆğ„ğ˜,,,
2665,Amharic,NA,áŠ á‹°áˆ°,,,
2666,Ge'ez,NA,áˆ„á‹³áˆ´,,,
2667,Tigrinya,NA,áŠ£áˆ“á‹°áˆ°,,,
2668,Proto-Semitic,NA,á¸¥imÄr-,,,
2669,Akkadian,NA,ğ’€²,,,
2670,Egyptian_Arabic,NA,Ø­Ù…Ø§Ø±,,,
2671,Gulf_Arabic,NA,Ø­Ù…Ø§Ø±,,,
2672,Hijazi_Arabic,NA,Ø­ÙÙ…Ø§Ø±,,,
2673,Maltese,NA,Ä§mar,,,
2674,Moroccan_Arabic,NA,Ø­Ù…Ø§Ø±,,,
2675,North_Levantine_Arabic,NA,Ø­Ù…Ø§Ø±,,,
2676,Malay,NA,himar,,,
2677,Ottoman_Turkish,NA,Ø­Ù…Ø§Ø±,,,
2678,Imperial_Aramaic,NA,ğ¡‡ğ¡Œğ¡“,,,
2679,Aramaic,NA,×—Ö°×Ö¸×¨Ö¸×,,,
2680,Syriac,NA,ÜšÜ¡Ü³ÜªÜ³Ü,,,
2681,Hebrew,NA,×—Ö²××•Ö¹×¨,,,
2682,Ugaritic,NA,ğˆğğ—,,,
2683,Sabaean,NA,ğ©¢ğ©£ğ©§,,,
2684,Minaean,NA,ğ©¢ğ©£ğ©§,,,
2685,Proto-Semitic,NA,á¸¥Ämiá¹£Ì-,,,
2686,Arabic,NA,Ø­ÙØ§Ù…ÙØ¶,,,
2687,Jewish_Literary_Aramaic,NA,×—×•Ö¼×Ö°×¢Ö¸×,,,
2688,Hebrew,NA,×—Ö¹×Ö¶×¥,,,
2689,Proto-Semitic,NA,á¸«alap-,,,
2690,Akkadian,NA,ğ’½,,,
2691,Arabic,NA,Ø®ÙÙ„ÙÙÙ,,,
2692,Classical_Syriac,NA,ÜšÜ Ü°Ü¦,,,
2693,Hebrew,NA,×—Ö¸×œÖ·×£,,,
2694,Ge'ez,NA,áŠ€áˆˆáˆ,,,
2695,Proto-Semitic,NA,á¸«amÅ¡-,,,
2696,Akkadian,NA,ğ’Š,,,
2697,Egyptian_Arabic,NA,Ø®Ù…Ø³Ø©,,,
2698,Gulf_Arabic,NA,Ø®Ù…Ø³Ø©,,,
2699,Maltese,NA,Ä§amsa,,,
2700,Moroccan_Arabic,NA,Ø®Ù…Ø³Ø©,,,
2701,Azerbaijani,NA,xÉ™msÉ™,,,
2702,Ottoman_Turkish,NA,Ø®Ù…Ø³Ù‡,,,
2703,Persian,NA,Ø®Ù…Ø³Ù‡,,,
2704,Urdu,NA,Ø®Ù…Ø³Û,,,
2705,Uzbek,NA,xamsa,,,
2706,Dadanitic,NA,ğªğªƒğªŠ,,,
2707,Safaitic,NA,ğªğªƒğªŠ,,,
2708,Safaitic,NA,ğªğªƒğªŠğª‰,,,
2709,Aramaic,NA,×—Ö¸×Öµ×©×,,,
2710,Aramaic,NA,ÜšÜ¡Ü«Ü,,,
2711,Aramaic,NA,ÜšÜ¡Ü«,,,
2712,Israeli_Hebrew,NA,×—Ö²×Ö´×™×©Ö¸Ö¼××”,,,
2713,Israeli_Hebrew,NA,×—Ö¸×Öµ×©×,,,
2714,Phoenician,NA,ğ¤‡ğ¤Œğ¤”ğ¤•,,,
2715,Ugaritic,NA,ğƒğğŒğš,,,
2716,Ge'ez,NA,áŠ€áˆáˆµá‰±,,,
2717,Ge'ez,NA,áŠ€áˆáˆµ,,,
2718,Tigre,NA,áˆáˆáˆµ,,,
2719,Tigrinya,NA,áˆ“áˆ™áˆ½á‰°,,,
2720,Amharic,NA,áŠ áˆáˆµá‰µ,,,
2721,Proto-Semitic,NA,á¸«apar-,,,
2722,Akkadian,NA,ğ’€€ğ’‰ºğ’Š’,,,
2723,Arabic,NA,Ø®ÙÙÙØ±,,,
2724,Arabic,NA,guard,,,
2725,Ge'ez,NA,áŠ€áˆáˆ¨,,,
2726,Ge'ez,NA,protect,,,
2727,Ge'ez,NA,defend,,,
2728,Proto-Semitic,NA,á¸«atan-,,,
2729,Akkadian,NA,ğ’„©ğ’‹«ğ’‰¡,,,
2730,Akkadian,NA,ğ’„©ğ’€œğ’‰¡,,,
2731,Arabic,NA,Ø®ÙØªÙÙ†,,,
2732,Aramaic,NA,×—×ª× ×”,,,
2733,Aramaic,NA,×—Ö·×ªÖ°× Ö¸×,,,
2734,Aramaic,NA,ÜšÜ²Ü¬Ü¼Ü¢ÜµÜ,,,
2735,Hebrew,NA,×—Ö¸×ªÖ¸×Ÿ,,,
2736,Ugaritic,NA,ğƒğšğ,,,
2737,Hadrami,NA,ğ©­ğ©©ğ©¬,,,
2738,Sabaean,NA,ğ©­ğ©©ğ©¬,,,
2739,Proto-Semitic,NA,á¸³-r-Ê”,,,
2740,Akkadian,NA,ğ’‚µğ’Šğ’Œ,,,
2741,Akkadian,NA,ğ’† ğ’Š’ğ’Œ,,,
2742,Eblaite,NA,"ğ’‚µğ’†·ğ’Œ, ğ’‚µğ’Šğ’Œ",,,
2743,Eblaite,NA,ğ’‚µğ’‚—ğ’Œ,,,
2744,Algerian_Arabic,NA,Ù‚Ø±Ø§,,,
2745,Egyptian_Arabic,NA,Ù‚Ø±Ø§,,,
2746,Gulf_Arabic,NA,Ù‚Ø±Ø§,,,
2747,Maltese,NA,qara,,,
2748,Moroccan_Arabic,NA,Ù‚Ø±Ø§,,,
2749,Tunisian_Arabic,NA,Ù‚Ø±Ø§,,,
2750,South_Levantine_Arabic,NA,Ù‚Ø±Ø§,,,
2751,Classical_Syriac,NA,Ü©ÜªÜ³Ü,,,
2752,Hebrew,NA,×§Ö¸×¨Ö¸×,,,
2753,Kabyle,NA,É£er,,,
2754,Ugaritic,NA,ğ–ğ—ğ€,,,
2755,Proto-Semitic,NA,á¸³araá¹£-,,,
2756,Akkadian,NA,ğ’‹º,,,
2757,Arabic,NA,Ù‚ÙØ±ÙØµÙ,,,
2758,Arabic,NA,pinch,,,
2759,Arabic,NA,Ù‚ÙØ±ÙØ¶Ù,,,
2760,Arabic,NA,gnaw,,,
2761,Amharic,NA,á‰€áˆ¨áŒ¸,,,
2762,Amharic,NA,incise,,,
2763,Ge'ez,NA,á‰€áˆ¨áŒ¸,,,
2764,Ge'ez,NA,incise,,,
2765,Tigrinya,NA,á‰€áˆ¨áŒ¸,,,
2766,Tigrinya,NA,incise,,,
2767,Old_Armenian,NA,Õ¯Ö€Õ®Õ¥Õ´,,,
2768,Old_Armenian,NA,gnaw,,,
2769,Proto-Semitic,NA,á¸³arib-,,,
2770,Akkadian,NA,ğ’†ªğ’‰¡,,,
2771,Hijazi_Arabic,NA,Ù‚Ø±Ø¨,,,
2772,Maltese,NA,qrib,,,
2773,Imperial_Aramaic,NA,ğ¡’ğ¡“ğ¡,,,
2774,Palmyrene_Aramaic,NA,ğ¡³ğ¡´ğ¡¡,,,
2775,Hatran_Aramaic,NA,ğ£²ğ£¡ğ££,,,
2776,"Biblical_Aramaic,_Jewish_Palestinian_Aramaic,_Jewish_Literary_Aramaic,_Jewish_Babylonian_Aramaic",NA,×§Ö°×¨Öµ×‘,,,
2777,Nabataean_Aramaic,NA,ğ¢šğ¢›ğ¢‚,,,
2778,Classical_Syriac,NA,Ü©ÜªÜ¶Ü’,,,
2779,Classical_Mandaic,NA,à¡’à¡“à¡,,,
2780,Hebrew,NA,×§Ö¸×¨Ö·×‘,,,
2781,Phoenician,NA,ğ¤’ğ¤“ğ¤,,,
2782,Ugaritic,NA,ğ–ğ—ğ,,,
2783,Old_South_Arabian,NA,ğ©¤ğ©§ğ©¨,,,
2784,Amharic,NA,á‰€áˆ¨á‰ ,,,
2785,Argobba,NA,á‰€áˆ¨á‰£,,,
2786,Ge'ez,NA,á‰€áˆ¨á‰ ,,,
2787,Ge'ez,NA,á‰€áˆ­á‰ ,,,
2788,Gurage,NA,á‰€áˆ¨á‰ ,,,
2789,Harari,NA,á‰€áˆ¨á‰£,,,
2790,Tigre,NA,á‰€áˆ­á‰£,,,
2791,Tigrinya,NA,á‰€áˆ¨á‰ ,,,
2792,Proto-Semitic,NA,á¸³arn-,,,
2793,Akkadian,NA,ğ’‹›,,,
2794,Arabic,NA,Ù‚ÙØ±Ù’Ù†,,,
2795,Classical_Syriac,NA,Ü©ÜªÜ¶Ü¢,,,
2796,Classical_Syriac,NA,Ü©Ü°Ü°ÜªÜ¢Ü³Ü,,,
2797,Hebrew,NA,×§Ö¶×¨Ö¶×Ÿ,,,
2798,Phoenician,NA,ğ¤’ğ¤“ğ¤,,,
2799,Ugaritic,NA,ğ–ğ—ğ,,,
2800,Tigrinya,NA,á‰€áˆ­áŠ’,,,
2801,Proto-Semitic,NA,á¸³ará¸³ar-,,,
2802,Akkadian,NA,ğ’† ,,,
2803,Arabic,NA,Ù‚ÙØ±Ù’Ù‚ÙØ±,,,
2804,Jewish_Palestinian_Aramaic,NA,×§×¨×§×¢,,,
2805,Jewish_Babylonian_Aramaic,NA,×§Ö·×¨Ö°×§Ö°×¢Ö¸×,,,
2806,Hebrew,NA,×§Ö·×¨Ö°×§Ö·×¢,,,
2807,Soqotri,NA,á¸³Ã¡rá¸³ahar,,,
2808,Proto-Semitic,NA,á¸³udÅ¡-,,,
2809,Maltese,NA,qaddis,,,
2810,Classical_Syriac,NA,Ü©Ü°Ü•Ü»İÜÜ«,,,
2811,Hebrew,NA,×§Ö¸×“×•Ö¹×©×,,,
2812,Ugaritic,NA,ğ–ğ„ğŒ,,,
2813,Ge'ez,NA,á‰…á‹±áˆµ,,,
2814,Proto-Semitic,NA,á¹£aÉ£ir-,,,
2815,Akkadian,NA,ğ’Œ‰,,,
2816,Maltese,NA,Å¼gÄ§ir,,,
2817,Assyrian_Neo-Aramaic,NA,Ü™Ü¥Ü˜Ü¿ÜªÜµÜ,,,
2818,Classical_Syriac,NA,Ü™Ü¥Ü˜Ü¿ÜªÜµÜ,,,
2819,Hebrew,NA,×¦Ö¸×¢Ö´×™×¨,,,
2820,Ugaritic,NA,ğ•ğ™ğ—,,,
2821,Proto-Semitic,NA,á¹£ÌabuÊ•-,,,
2822,Akkadian,NA,ğ’ğ’®,,,
2823,Hijazi_Arabic,NA,Ø¶Ø¨Ø¹,,,
2824,Moroccan_Arabic,NA,Ø¶Ø¨Ø¹,,,
2825,Classical_Syriac,NA,ÜÜ°Ü¦Ü¥Ü³Ü,,,
2826,Hebrew,NA,×¦Ö¸×‘×•Ö¹×¢Ö·,,,
2827,Ge'ez,NA,á…á‹•á‰¥,,,
2828,Soqotri,NA,á¸abÊ¿,,,
2829,Proto-Semitic,NA,á¹£Ìarrat-,,,
2830,Akkadian,NA,ğ’®ğ’‹°ğ’€,,,
2831,Arabic,NA,Ø¶ÙØ±ÙÙ‘Ø©,,,
2832,Aramaic,NA,×¢Ö¸×¨Ö°Ö¼×ªÖ·×”,,,
2833,Aramaic,NA,Ü¥Ü°ÜªİÜ¬Ü³Ü,,,
2834,Hebrew,NA,×¦Ö¸×¨Ö¸×”,,,
2835,Phoenician,NA,ğ¤‘ğ¤“ğ¤•,,,
2836,Proto-Semitic,NA,á¹£ÌaÊ”n-,,,
2837,Akkadian,NA,ğ’‡‡ğ’‡»ğ’„­ğ’€€,,,
2838,Arabic,NA,Ø¶ÙØ£Ù’Ù†,,,
2839,Aramaic,NA,×¢Ö¸× Ö¸×,,,
2840,Aramaic,NA,Ü¥Ü³Ü¢Ü³Ü,,,
2841,Hebrew,NA,×¦Ö¹××Ÿ,,,
2842,Ugaritic,NA,ğ•ğ›ğ,,,
2843,Old_South_Arabian,NA,ğ©¼ğ©±ğ©¬,,,
2844,Amharic,NA,áˆ•áƒáŠ•,,,
2845,Ge'ez,NA,áˆ•áƒáŠ•,,,
2846,Tigrinya,NA,áˆ•áƒáŠ•,,,
2847,Proto-Semitic,NA,á¹­aá¸¥an-,,,
2848,Akkadian,NA,ğ’„¯,,,
2849,Arabic,NA,Ø·ÙØ­ÙÙ†Ù,,,
2850,Classical_Syriac,NA,Ü›ÜšÜ¶Ü¢,,,
2851,Hebrew,NA,×˜Ö¸×—Ö·×Ÿ,,,
2852,Ugaritic,NA,ğ‰ğˆğ,,,
2853,Ge'ez,NA,áŒ áˆáŠ,,,
2854,Harari,NA,áŒ áˆ“áŠ“,,,
2855,Old_South_Arabian,NA,ğ©·ğ©¢ğ©¬,,,
2856,Tigrinya,NA,áŒ áˆ“áŠ,,,
2857,Proto-Semitic,NA,á¹­iá¸¥Äl-,,,
2858,Akkadian,NA,ğ’Œ…ğ’‡·ğ’ˆ¬,,,
2859,Eblaite,NA,ğ’‹¾ğ’„´ğ’ˆ¬,,,
2860,Arabic,NA,Ø·ÙØ­ÙØ§Ù„,,,
2861,Aramaic,NA,×˜Ö°×—Ö¸×œÖ¸×,,,
2862,Aramaic,NA,Ü›ÜšÜ³Ü Ü³Ü,,,
2863,Hebrew,NA,×˜Ö°×—×•Ö¹×œ,,,
2864,Ugaritic,NA,ğ‰ğˆğ,,,
2865,Proto-Semitic,NA,á¹­Äb-,,,
2866,Akkadian,NA,ğ’„­,,,
2867,Gulf_Arabic,NA,Ø·ÙŠØ¨,,,
2868,Classical_Syriac,NA,Ü›Ü³Ü’Ü´İÜ,,,
2869,Hebrew,NA,×˜×•Ö¹×‘,,,
2870,Ugaritic,NA,ğ‰ğ,,,
2871,Old_South_Arabian,NA,ğ©·ğ©ºğ©¨,,,
2872,Proto-Semitic,NA,á¹­Ä«n-,,,
2873,Akkadian,NA,ğ’…,,,
2874,Arabic,NA,Ø·ÙÙŠÙ†,,,
2875,Israeli_Hebrew,NA,×˜Ö´×™×Ÿ,,,
2876,Biblical_Hebrew,NA,×˜Ö´×™×˜,,,
2877,Tigrinya,NA,áŒ á‹¨áŠ•,,,
2878,Mehri,NA,á¹­ayn,,,
2879,Shehri,NA,á¹­un,,,
2880,Proto-Semitic,NA,á¹¯abar-,,,
2881,Akkadian,NA,ğ’‹»,,,
2882,Arabic,NA,Ø«ÙØ¨ÙØ±Ù,,,
2883,Old_Aramaic,NA,ğ¤•ğ¤ğ¤“,,,
2884,Imperial_Aramaic,NA,ğ¡•ğ¡ğ¡“,,,
2885,"Jewish_Palestinian_Aramaic,_Jewish_Literary_Aramaic,_Jewish_Babylonian_Aramaic",NA,×ªÖ°×‘Ö·×¨,,,
2886,Classical_Syriac,NA,Ü¬Ü’Ü°Üª,,,
2887,Hebrew,NA,×©Ö¸××‘Ö·×¨,,,
2888,Phoenician,NA,ğ¤”ğ¤ğ¤“,,,
2889,Ugaritic,NA,ğ˜ğğ—,,,
2890,Old_South_Arabian,NA,ğ©»ğ©¨ğ©§,,,
2891,Amharic,NA,áˆ°á‰ áˆ¨,,,
2892,Argobba,NA,áˆ°á‰ áˆ«,,,
2893,Ge'ez,NA,áˆ°á‰ áˆ¨,,,
2894,Gurage,NA,áˆ°á‰ áˆ¨,,,
2895,Harari,NA,áˆ°á‰ áˆ«,,,
2896,Tigre,NA,áˆ°á‰¥áˆ«,,,
2897,Tigrinya,NA,áˆ°á‰ áˆ¨,,,
2898,Mehri,NA,ØªÙˆØ¨Ø±,,,
2899,Soqotri,NA,tÃ³bir,,,
2900,Proto-Semitic,NA,á¹¯alg-,,,
2901,Akkadian,NA,ğ’Š­ğ’€ ğ’„–ğ’Œ,,,
2902,Egyptian_Arabic,NA,ØªÙ„Ø¬,,,
2903,Gulf_Arabic,NA,Ø«Ù„Ø¬,,,
2904,Hijazi_Arabic,NA,Ø«Ù„Ø¬,,,
2905,Maltese,NA,silÄ¡,,,
2906,Moroccan_Arabic,NA,ØªÙ„Ø¬,,,
2907,Dongolawi,NA,tÉ›lÄ±ÄŸ,,,
2908,Indonesian,NA,salju,,,
2909,Javanese,NA,ê¦±ê¦­ê§€ê¦—ê¦¸,,,
2910,Javanese,NA,salju,,,
2911,Turkish,NA,selc,,,
2912,Sundanese,NA,á®á®œá®ªá®á®¥,,,
2913,Swahili,NA,theluji,,,
2914,Aramaic,NA,×ªÖ·Ö¼×œÖ°×’Ö¸Ö¼×,,,
2915,Aramaic,NA,Ü¬Ü±İÜ Ü“Ü³Ü,,,
2916,Hebrew,NA,×©Ö¶××œÖ¶×’,,,
2917,Ugaritic,NA,ğ‚ğğ˜,,,
2918,Egyptian,NA,,,,
2919,Egyptian,NA,sêœ£rêœ£qw,,,
2920,Proto-Semitic,NA,á¹¯alÄá¹¯-,,,
2921,Proto-Semitic,NA,á¹¯amÄniy-,,,
2922,Akkadian,NA,ğ’,,,
2923,Egyptian_Arabic,NA,ØªÙ…Ø§Ù†ÙŠØ©,,,
2924,Maltese,NA,tmienja,,,
2925,Moroccan_Arabic,NA,ØªÙ…Ù†ÙŠØ©,,,
2926,South_Levantine_Arabic,NA,ØªÙ…Ø§Ù†ÙŠØ©,,,
2927,Hebrew,NA,×©Ö°×××•Ö¹× Ö¸×”,,,
2928,Hebrew,NA,×©Ö°×××•Ö¹× Ö¶×”,,,
2929,Phoenician,NA,ğ¤”ğ¤Œğ¤,,,
2930,Ugaritic,NA,ğ˜ğğğš,,,
2931,Amharic,NA,áˆµáˆáŠ•á‰µ,,,
2932,Ge'ez,NA,áˆ°áˆ›áŠ•á‰±,,,
2933,Ge'ez,NA,áˆ°áˆ›áŠ’,,,
2934,Tigrinya,NA,áˆ¸áˆáŠ•á‰°,,,
2935,Tigre,NA,áˆ°áˆ›áŠ•,,,
2936,Proto-Semitic,NA,á¹¯awr-,,,
2937,Akkadian,NA,ğ’‹—ğ’Œ‘ğ’Š’,,,
2938,Eblaite,NA,ğ’„ğ’Œ‰,,,
2939,Egyptian_Arabic,NA,ØªÙˆØ±,,,
2940,Gulf_Arabic,NA,Ø«ÙˆØ±,,,
2941,Hijazi_Arabic,NA,Ø«ÙˆØ±,,,
2942,South_Levantine_Arabic,NA,ØªÙˆØ±,,,
2943,Moroccan_Arabic,NA,ØªÙˆØ±,,,
2944,Azerbaijani,NA,sÃ¶vr,,,
2945,Azerbaijani,NA,SÃ¶vr,,,
2946,Uzbek,NA,savr,,,
2947,Uzbek,NA,Savr,,,
2948,Persian,NA,Ø«ÙˆØ±,,,
2949,Persian,NA,ØªØ§ÙˆÙ„,,,
2950,Hebrew,NA,×©××•Ö¹×¨,,,
2951,Punic,NA,ğ¤”ğ¤“,,,
2952,Ugaritic,NA,ğ˜ğ—,,,
2953,Minaean,NA,,,,
2954,Minaean,NA,,,,
2955,Minaean,NA,,,,
2956,Minaean,NA,ğ©»ğ©¥ğ©§,,,
2957,Qatabanian,NA,,,,
2958,Qatabanian,NA,,,,
2959,Qatabanian,NA,,,,
2960,Qatabanian,NA,ğ©»ğ©¥ğ©§,,,
2961,Sabaean,NA,,,,
2962,Sabaean,NA,,,,
2963,Sabaean,NA,,,,
2964,Sabaean,NA,ğ©»ğ©¥ğ©§,,,
2965,Sabaean,NA,,,,
2966,Sabaean,NA,,,,
2967,Sabaean,NA,ğ©»ğ©§,,,
2968,Ge'ez,NA,áˆ¶áˆ­,,,
2969,Tigrinya,NA,áˆ¶áˆ­,,,
2970,Tigre,NA,áˆ¶áˆ­,,,
2971,Proto-Semitic,NA,á¹¯aÊ•lab-,,,
2972,Akkadian,NA,ğ’ˆœ,,,
2973,Egyptian_Arabic,NA,ØªØ¹Ù„Ø¨,,,
2974,Gulf_Arabic,NA,Ø«Ø¹Ù„Ø¨,,,
2975,Hijazi_Arabic,NA,Ø«Ø¹Ù„Ø¨,,,
2976,South_Levantine_Arabic,NA,ØªØ¹Ù„Ø¨,,,
2977,Yemeni_Arabic,NA,Ø«ÙØ¹ÙÙ„Ù’,,,
2978,Aramaic,NA,×ªÖ·Ö¼×¢Ö·×œ,,,
2979,Aramaic,NA,×ªÖ·Ö¼×¢Ö²×œÖ¸×,,,
2980,Aramaic,NA,Ü¬İÜ¥Ü¶Ü ,,,
2981,Aramaic,NA,Ü¬Ü±İÜ¥Ü Ü³Ü,,,
2982,Hebrew,NA,×©××•Ö¼×¢Ö¸×œ,,,
2983,Ugaritic,NA,ğ˜ğ“ğğ,,,
2984,Proto-Semitic,NA,á¹¯in-,,,
2985,Akkadian,NA,ğ’ˆ«,,,
2986,Arabic,NA,Ø§ÙØ«Ù’Ù†ÙØ§Ù†Ù,,,
2987,Aramaic,NA,×ªÖ°Ö¼×¨Ö·×™Ö´×Ÿ,,,
2988,Aramaic,NA,×ªÖ°Ö¼×¨Öµ×™×Ÿ,,,
2989,Hebrew,NA,×©Ö°×× Ö·×™Ö´×,,,
2990,Phoenician,NA,â€ğ¤”ğ¤ğ¤Œ,,,
2991,Phoenician,NA,ğ¤€â€ğ¤”ğ¤ğ¤Œ,,,
2992,Ugaritic,NA,ğ˜ğ,,,
2993,Hadrami,NA,ğ©¯ğ©¬ğ©ºğ©£,,,
2994,Bathari,NA,á¹¯eroh,,,
2995,Mehri,NA,á¹¯roh,,,
2996,Harsusi,NA,á¹¯ruh,,,
2997,HobyÃ³t,NA,iá¹¯roh,,,
2998,Aramaic,NA,×ªÖ°Ö¼×¨Öµ×™,,,
2999,Hebrew,NA,×©Ö°×× Öµ×™,,,
3000,Akkadian,NA,ğ’ˆ«,,,
3001,Arabic,NA,Ø«ÙÙ†Ù’ØªÙØ§Ù†Ù,,,
3002,Arabic,NA,Ø§ÙØ«Ù’Ù†ÙØªÙØ§Ù†Ù,,,
3003,Aramaic,NA,×ªÖ·Ö¼×¨Ö°×ªÖµÖ¼×™Ö´×Ÿ,,,
3004,Aramaic,NA,×ªÖ·Ö¼×¨Ö°×ªÖµÖ¼×™×Ÿ,,,
3005,Hebrew,NA,×©Ö°××ªÖ·Ö¼×™Ö´×,,,
3006,Ugaritic,NA,ğ˜ğš,,,
3007,Bathari,NA,á¹¯erÄ“t,,,
3008,Harsusi,NA,á¹¯art,,,
3009,HobyÃ³t,NA,iá¹¯rÄ«t,,,
3010,Mehri,NA,á¹¯rayt,,,
3011,Arabic,NA,Ø«ÙÙ†Ù’ØªÙØ§,,,
3012,Arabic,NA,Ø§ÙØ«Ù’Ù†ÙØªÙØ§,,,
3013,Hebrew,NA,×©Ö°××ªÖµÖ¼×™,,,
3014,Old_South_Arabian,NA,,,,
3015,Old_South_Arabian,NA,,,,
3016,Old_South_Arabian,NA,,,,
3017,Old_South_Arabian,NA,ğ©»ğ©¬ğ©º,,,
3018,Eblaite,NA,Å¡ina,,,
3019,Proto-Semitic,NA,á¹¯Å«m-,,,
3020,Akkadian,NA,ğ’‹§,,,
3021,Andalusian_Arabic,NA,Ø«ÙÙˆÙ’Ù…,,,
3022,Egyptian_Arabic,NA,ØªÙˆÙ…,,,
3023,Hijazi_Arabic,NA,Ø«ÙˆÙ…,,,
3024,Maltese,NA,tewm,,,
3025,Moroccan_Arabic,NA,ØªÙˆÙ…,,,
3026,Sudanese_Arabic,NA,ØªÙˆÙ…,,,
3027,Yemeni_Arabic,NA,Ø«ÙÙˆÙ’Ù…,,,
3028,Swahili,NA,saumu,,,
3029,Jewish_Babylonian_Aramaic,NA,×ªÖ¼×•Ö¼×Ö¸×,,,
3030,Classical_Syriac,NA,Ü¬Ü˜Ü½Ü¡Ü³Ü,,,
3031,Hebrew,NA,×©××•Ö¼×,,,
3032,Ge'ez,NA,áˆ±áˆ,,,
3033,Proto-Semitic,NA,á¹¯Ì£ill-,,,
3034,Akkadian,NA,ğ’„‘ğ’ˆª,,,
3035,Gulf_Arabic,NA,Ø¸Ù„,,,
3036,Hijazi_Arabic,NA,Ø¸Ù„,,,
3037,Maltese,NA,dell,,,
3038,Aramaic,NA,×˜×•Ö¼×œÖ¸Ö¼×,,,
3039,Aramaic,NA,×˜Ö´×œÖ¸Ö¼×,,,
3040,Aramaic,NA,×˜Ö´×œÖ¸Ö¼×œÖ¸×,,,
3041,Aramaic,NA,Ü›Ü¶Ü Ü´İÜ Ü³Ü,,,
3042,Hebrew,NA,×¦Öµ×œ,,,
3043,Ugaritic,NA,ğ‘ğğ,,,
3044,Amharic,NA,áŒ¥áˆ‹,,,
3045,Ge'ez,NA,áŒ½áˆ‹áˆá‰µ,,,
3046,Tigrinya,NA,áŒ½áˆ‹áˆá‰µ,,,
3047,Proto-Semitic,NA,á¹¯Ì£upr-,,,
3048,Akkadian,NA,ğ’Œ¢,,,
3049,Egyptian_Arabic,NA,Ø¶ÙØ±,,,
3050,Gulf_Arabic,NA,Ø¸ÙØ±,,,
3051,Hijazi_Arabic,NA,Ø¸ÙØ±,,,
3052,Maltese,NA,difer,,,
3053,Classical_Syriac,NA,Ü›Ü¶Ü¦İ‚ÜªÜ³Ü,,,
3054,Israeli_Hebrew,NA,×˜Ö¹×¤Ö¶×¨,,,
3055,Hebrew,NA,×¦Ö´×¤Ö¹Ö¼×¨Ö¶×Ÿ,,,
3056,Amharic,NA,áŒ¥ááˆ­,,,
3057,Ge'ez,NA,áŒ½ááˆ­,,,
3058,Sebat_Bet_Gurage,NA,áŒ¥ááˆ­,,,
3059,Tigrinya,NA,áŒ½ááˆª,,,
3060,Tigre,NA,áŒ½ááˆ­,,,
3061,Mehri,NA,á¸Ì£Ã©fÉ›Ìr,,,
3062,Shehri,NA,Å›É›ÌfÉ™r,,,
3063,Shehri,NA,É›Å›pÉ”Ìr,,,
3064,Proto-Semitic,NA,á¹¯Ì£urr-,,,
3065,Akkadian,NA,ğ’ğ’…—,,,
3066,Arabic,NA,Ø¸ÙØ±ÙØ±,,,
3067,Arabic,NA,Ø¸ÙØ±Ù‘,,,
3068,Classical_Syriac,NA,Ü›Ü²ÜªÜµÜ¢ÜµÜ,,,
3069,Hebrew,NA,×¦Ö¹×¨,,,
